tabulador,url
CNES - RECURSOS FÍSICOS - AMBULATÓRIO - CONSULTÓRIOS - BRASIL,http://tabnet.datasus.gov.br/cgi/deftohtm.exe?cnes/cnv/consulbr.def
CNES - RECURSOS FÍSICOS - AMBULATÓRIO - LEITOS DE REPOUSO E OBSERVAÇÃO - BRASIL,http://tabnet.datasus.gov.br/cgi/deftohtm.exe?cnes/cnv/ambleibr.def
CNES - RECURSOS FÍSICOS - HOSPITALAR - LEITOS DE INTERNAÇÃO - BRASIL,http://tabnet.datasus.gov.br/cgi/deftohtm.exe?cnes/cnv/leiintbr.def
CNES - RECURSOS FÍSICOS - HOSPITALAR - LEITOS COMPLEMENTARES - BRASIL,http://tabnet.datasus.gov.br/cgi/deftohtm.exe?cnes/cnv/leiutibr.def
CNES - RECURSOS FÍSICOS - HOSPITALAR - INSTALAÇÕES FÍSICAS DE OBSTETRÍCIA E NEONATOLOGIA - BRASIL,http://tabnet.datasus.gov.br/cgi/deftohtm.exe?cnes/cnv/leiobsbr.def
CNES - RECURSOS FÍSICOS - URGÊNCIA - CONSULTÓRIOS - BRASIL,http://tabnet.datasus.gov.br/cgi/deftohtm.exe?cnes/cnv/rurgcbr.def
CNES - RECURSOS FÍSICOS - URGÊNCIA - LEITOS DE REPOUSO / OBSERVAÇÃO - BRASIL,http://tabnet.datasus.gov.br/cgi/deftohtm.exe?cnes/cnv/recurgbr.def
CNES - RECURSOS FÍSICOS - EQUIPAMENTOS - BRASIL,http://tabnet.datasus.gov.br/cgi/deftohtm.exe?cnes/cnv/equipobr.def
CNES - ESTABELECIMENTOS POR TIPO - BRASIL,http://tabnet.datasus.gov.br/cgi/deftohtm.exe?cnes/cnv/estabbr.def
CNES - ESTABELECIMENTOS POR NÍVEL DE ATENÇÃO - BRASIL,http://tabnet.datasus.gov.br/cgi/deftohtm.exe?cnes/cnv/atencbr.def
CNES - ESTABELECIMENTOS - SERVIÇOS / CLASSIFICAÇÃO ATÉ FEVEREIRO DE 2008 - BRASIL,http://tabnet.datasus.gov.br/cgi/deftohtm.exe?cnes/cnv/servclbr.def
CNES - ESTABELECIMENTOS - CLASSIFICAÇÃO DO SERVIÇO - BRASIL,http://tabnet.datasus.gov.br/cgi/deftohtm.exe?cnes/cnv/servc2br.def
CNES - ESTABELECIMENTOS POR HABILITAÇÃO - BRASIL,http://tabnet.datasus.gov.br/cgi/deftohtm.exe?cnes/cnv/habbr.def
CNES - ESTABELECIMENTOS COM TIPO DE ATENDIMENTO PRESTADO - AMBULATÓRIO - BRASIL,http://tabnet.datasus.gov.br/cgi/deftohtm.exe?cnes/cnv/atambbr.def
CNES - ESTABELECIMENTOS COM TIPO DE ATENDIMENTO PRESTADO - INTERNAÇÃO - BRASIL,http://tabnet.datasus.gov.br/cgi/deftohtm.exe?cnes/cnv/atintbr.def
CNES - ESTABELECIMENTOS COM TIPO DE ATENDIMENTO PRESTADO - SADT - BRASIL,http://tabnet.datasus.gov.br/cgi/deftohtm.exe?cnes/cnv/atsadtbr.def
CNES - ESTABELECIMENTOS COM TIPO DE ATENDIMENTO PRESTADO - URGÊNCIA - BRASIL,http://tabnet.datasus.gov.br/cgi/deftohtm.exe?cnes/cnv/aturgbr.def
CNES - ESTABELECIMENTOS COM TIPO DE ATENDIMENTO PRESTADO - VIGILÂNCIA EPIDEMIOLÓGICA E/OU SANITÁRIA - BRASIL,http://tabnet.datasus.gov.br/cgi/deftohtm.exe?cnes/cnv/atvigbr.def
CNES - ESTABELECIMENTOS COM TIPO DE ATENDIMENTO PRESTADO - OUTROS (FARMÁCIA OU COOPERATIVA) - BRASIL,http://tabnet.datasus.gov.br/cgi/deftohtm.exe?cnes/cnv/atoutbr.def
CNES - RECURSOS HUMANOS - PROFISSIONAIS - INDIVÍDUOS - SEGUNDO CBO 2002 - BRASIL,http://tabnet.datasus.gov.br/cgi/deftohtm.exe?cnes/cnv/prid02br.def
CNES - RECURSOS HUMANOS - PROFISSIONAIS - INDIVÍDUOS - SEGUNDO CBO 2002 - BRASIL,http://tabnet.datasus.gov.br/cgi/deftohtm.exe?cnes/cnv/prid02br.deff
CNES - RECURSOS HUMANOS - OCUPAÇÕES - SEGUNDO CBO 1994 - BRASIL,http://tabnet.datasus.gov.br/cgi/deftohtm.exe?cnes/cnv/profocbr.def
CNES - RECURSOS HUMANOS - PROFISSIONAIS - INDIVÍDUOS - SEGUNDO CBO 1994 - BRASIL,http://tabnet.datasus.gov.br/cgi/deftohtm.exe?cnes/cnv/profidbr.def
CNES - EQUIPES DE SAÚDE - BRASIL,http://tabnet.datasus.gov.br/cgi/deftohtm.exe?cnes/cnv/equipebr.def
PESQUISA ASSISTÊNCIA MÉDICO-SANITÁRIA - BRASIL - CARACTERIZAÇÃO DOS ESTABELECIMENTOS,http://tabnet.datasus.gov.br/cgi/deftohtm.exe?ams/cnv/namsabr.def
PESQUISA ASSISTÊNCIA MÉDICO-SANITÁRIA - BRASIL - CARACTERIZAÇÃO DAS UNIDADES,http://tabnet.datasus.gov.br/cgi/deftohtm.exe?ams/cnv/uamsabr.def
PESQUISA ASSISTÊNCIA MÉDICO-SANITÁRIA - BRASIL - SADT DOS ESTABELECIMENTOS,http://tabnet.datasus.gov.br/cgi/deftohtm.exe?ams/cnv/namsdbr.def
PESQUISA ASSISTÊNCIA MÉDICO-SANITÁRIA - BRASIL - SADT DAS UNIDADES,http://tabnet.datasus.gov.br/cgi/deftohtm.exe?ams/cnv/uamsdbr.def
PESQUISA ASSISTÊNCIA MÉDICO-SANITÁRIA - BRASIL - PRODUÇÃO DE SERVIÇOS DOS ESTABELECIMENTOS,http://tabnet.datasus.gov.br/cgi/deftohtm.exe?ams/cnv/namsmbr.def
PESQUISA ASSISTÊNCIA MÉDICO-SANITÁRIA - BRASIL - PRODUÇÃO DE SERVIÇOS DAS UNIDADESPESQUISA ASSISTÊNCIA MÉDICO-SANITÁRIA - BRASIL - PRODUÇÃO DE SERVIÇOS DAS UNIDADES,http://tabnet.datasus.gov.br/cgi/deftohtm.exe?ams/cnv/uamsmbr.def
PESQUISA ASSISTÊNCIA MÉDICO-SANITÁRIA - BRASIL - RECURSOS HUMANOS DOS ESTABELECIMENTOS,http://tabnet.datasus.gov.br/cgi/deftohtm.exe?ams/cnv/namsrbr.def
PESQUISA ASSISTÊNCIA MÉDICO-SANITÁRIA - BRASIL - RECURSOS HUMANOS DAS UNIDADES,http://tabnet.datasus.gov.br/cgi/deftohtm.exe?ams/cnv/uamsrbr.def
PESQUISA ASSISTÊNCIA MÉDICO-SANITÁRIA - BRASIL - EQUIPAMENTOS DOS ESTABELECIMENTOS,http://tabnet.datasus.gov.br/cgi/deftohtm.exe?ams/cnv/namsebr.def
PESQUISA ASSISTÊNCIA MÉDICO-SANITÁRIA - BRASIL - EQUIPAMENTOS DAS UNIDADES,http://tabnet.datasus.gov.br/cgi/deftohtm.exe?ams/cnv/uamsebr.def
PESQUISA ASSISTÊNCIA MÉDICO-SANITÁRIA - BRASIL - CARACTERIZAÇÃO DAS UNIDADES,http://tabnet.datasus.gov.br/cgi/deftohtm.exe?ams/cnv/amsabr.def
PESQUISA ASSISTÊNCIA MÉDICO-SANITÁRIA - BRASIL - ATENDIMENTO AMBULATORIAL,http://tabnet.datasus.gov.br/cgi/deftohtm.exe?ams/cnv/amsbbr.def
PESQUISA ASSISTÊNCIA MÉDICO-SANITÁRIA - BRASIL - INTERNAÇÕES,http://tabnet.datasus.gov.br/cgi/deftohtm.exe?ams/cnv/amscbr.def
PESQUISA ASSISTÊNCIA MÉDICO-SANITÁRIA - BRASIL - INTERNAÇÕES - MOVIMENTO,http://tabnet.datasus.gov.br/cgi/deftohtm.exe?ams/cnv/amsmbr.def
PESQUISA ASSISTÊNCIA MÉDICO-SANITÁRIA - BRASIL - SERVIÇOS DE APOIO À DIAGNOSE E TERAPIA,http://tabnet.datasus.gov.br/cgi/deftohtm.exe?ams/cnv/amsdbr.def
PESQUISA ASSISTÊNCIA MÉDICO-SANITÁRIA - BRASIL - RECURSOS HUMANOS,http://tabnet.datasus.gov.br/cgi/deftohtm.exe?ams/cnv/amsrbr.def
PESQUISA ASSISTÊNCIA MÉDICO-SANITÁRIA - BRASIL - EQUIPAMENTOS,http://tabnet.datasus.gov.br/cgi/deftohtm.exe?ams/cnv/amsebr.def
PESQUISA ASSISTÊNCIA MÉDICO-SANITÁRIA - 1992 - BRASIL,http://tabnet.datasus.gov.br/cgi/deftohtm.exe?ams/cnv/amszbr.def
PESQUISA ASSISTÊNCIA MÉDICO-SANITÁRIA - 1981 A 1990 - BRASIL,http://tabnet.datasus.gov.br/cgi/deftohtm.exe?ams/cnv/amsobr.def
PESQUISA ASSISTÊNCIA MÉDICO-SANITÁRIA - BRASIL - CARACTERIZAÇÃO DAS UNIDADES,http://tabnet.datasus.gov.br/cgi/deftohtm.exe?ams/cnv/amsabr.deff
PESQUISA ASSISTÊNCIA MÉDICO-SANITÁRIA - BRASIL - ATENDIMENTO AMBULATORIAL,http://tabnet.datasus.gov.br/cgi/deftohtm.exe?ams/cnv/amsbbr.deff
PESQUISA ASSISTÊNCIA MÉDICO-SANITÁRIA - BRASIL - INTERNAÇÕES,http://tabnet.datasus.gov.br/cgi/deftohtm.exe?ams/cnv/amscbr.def
PESQUISA ASSISTÊNCIA MÉDICO-SANITÁRIA - BRASIL - INTERNAÇÕES - MOVIMENTO,http://tabnet.datasus.gov.br/cgi/deftohtm.exe?ams/cnv/amsmbr.def
PESQUISA ASSISTÊNCIA MÉDICO-SANITÁRIA - BRASIL - SERVIÇOS DE APOIO À DIAGNOSE E TERAPIA,http://tabnet.datasus.gov.br/cgi/deftohtm.exe?ams/cnv/amsdbr.def
PESQUISA ASSISTÊNCIA MÉDICO-SANITÁRIA - BRASIL - RECURSOS HUMANOS,http://tabnet.datasus.gov.br/cgi/deftohtm.exe?ams/cnv/amsrbr.deff
PESQUISA ASSISTÊNCIA MÉDICO-SANITÁRIA - BRASIL - EQUIPAMENTOS,http://tabnet.datasus.gov.br/cgi/deftohtm.exe?ams/cnv/amsebr.deff
"Saneamento – Censos 1991, 2000 e 2010 - ABASTECIMENTO DE ÁGUA - BRASIL",http://tabnet.datasus.gov.br/cgi/deftohtm.exe?ibge/cnv/aagbr
"Saneamento – Censos 1991, 2000 e 2010 - INSTALAÇÕES SANITÁRIAS - BRASIL",http://tabnet.datasus.gov.br/cgi/deftohtm.exe?ibge/cnv/sanbr
"Saneamento – Censos 1991, 2000 e 2010 - COLETA DE LIXO - BRASIL",http://tabnet.datasus.gov.br/cgi/deftohtm.exe?ibge/cnv/lixbr
"PRODUTO INTERNO BRUTO PER CAPITA - 2010 A 2013, REFERÊNCIA 2010 - BRASIL",http://tabnet.datasus.gov.br/cgi/deftohtm.exe?ibge/cnv/pibmunbbr
"PRODUTO INTERNO BRUTO PER CAPITA - 2000 A 2012, REFERÊNCIA 2002 - BRASIL",http://tabnet.datasus.gov.br/cgi/deftohtm.exe?ibge/cnv/pibmunbr
RENDA MÉDIA DOMICILIAR PER CAPITA - BRASIL,http://tabnet.datasus.gov.br/cgi/deftohtm.exe?ibge/censo/cnv/rendabr
"Trabalho e renda – Censos 1991, 2000 e 2010 - Renda média domiciliar per capita",http://tabnet.datasus.gov.br/cgi/deftohtm.exe?ibge/censo/cnv/rendabrr
"Trabalho e renda – Censos 1991, 2000 e 2010 - Índice de Gini da renda domiciliar per capita",http://tabnet.datasus.gov.br/cgi/ibge/censo/cnv/ginibr.def
"Trabalho e renda – Censos 1991, 2000 e 2010 - Razão de renda",https://tabnet.datasus.gov.br/cgi/ibge/censo/cnv/razaobr.def
"Trabalho e renda – Censos 1991, 2000 e 2010 - Proporção de pessoas com baixa renda",http://tabnet.datasus.gov.br/cgi/deftohtm.exe?ibge/censo/cnv/pobrezabr
"Trabalho e renda – Censos 1991, 2000 e 2010 - Proporção de crianças em situação domiciliar de baixa renda",http://tabnet.datasus.gov.br/cgi/deftohtm.exe?ibge/censo/cnv/crianpobrbr
"Trabalho e renda – Censos 1991, 2000 e 2010 - Taxa de desemprego",http://tabnet.datasus.gov.br/cgi/deftohtm.exe?ibge/censo/cnv/desemprbr
"Trabalho e renda – Censos 1991, 2000 e 2010 - Taxa de trabalho infantil",http://tabnet.datasus.gov.br/cgi/deftohtm.exe?ibge/censo/cnv/trabinfbr
"Trabalho e renda – Censos 1991, 2000 e 2010 - Proporção de idosos residentes em domicílios na condição de outro parente",https://datasus.saude.gov.br/trabalho-e-renda-censos-1991-2000-e-2010
"Educação – Censos 1991, 2000 e 2010 - Taxa de analfabetismo",http://tabnet.datasus.gov.br/cgi/deftohtm.exe?ibge/censo/cnv/alfbr
"Educação – Censos 1991, 2000 e 2010 - Escolaridade da população de 15 anos ou mais",http://tabnet.datasus.gov.br/cgi/deftohtm.exe?ibge/censo/cnv/escabr
"Educação – Censos 1991, 2000 e 2010 - Escolaridade da população de 18 a 24 anos",http://tabnet.datasus.gov.br/cgi/deftohtm.exe?ibge/censo/cnv/escbbr
"População residente - Censos (1980, 1991, 2000 e 2010), Contagem (1996) e projeções intercensitárias (1981 a 2012), segundo faixa etária, sexo e situação de domicílio",http://tabnet.datasus.gov.br/cgi/deftohtm.exe?ibge/cnv/popbr.def
População residente - Estimativas de 1992 a 2019 utilizadas pelo TCU para determinação das cotas do FPM (sem sexo e faixa etária),http://tabnet.datasus.gov.br/cgi/deftohtm.exe?ibge/cnv/popbr.deff
População residente - Projeção da População do Brasil por sexo e idade simples: 2000-2060,http://tabnet.datasus.gov.br/cgi/deftohtm.exe?ibge/cnv/projpopbr.def
População residente - Projeção da População das Unidades da Federação por sexo e grupos de idade: 2000-2030,http://tabnet.datasus.gov.br/cgi/deftohtm.exe?ibge/cnv/projpopuf.def
"População residente - Estudo de Estimativas populacionais por município, sexo e idade - 2000-2020",http://tabnet.datasus.gov.br/cgi/deftohtm.exe?popsvs/cnv/popbr.def
"Mortalidade – 1996 a 2017, pela CID-10 - Mortalidade geral",http://tabnet.datasus.gov.br/cgi/deftohtm.exe?sim/cnv/obt09br.def
"Mortalidade – 1996 a 2017, pela CID-10 - Óbitos fetais",http://tabnet.datasus.gov.br/cgi/deftohtm.exe?sim/cnv/fet09br.def
"Mortalidade – 1996 a 2017, pela CID-10 - Óbitos infantis",http://tabnet.datasus.gov.br/cgi/deftohtm.exe?sim/cnv/inf09br.def
"Mortalidade – 1996 a 2017, pela CID-10 - Óbitos por causas externas",http://tabnet.datasus.gov.br/cgi/deftohtm.exe?sim/cnv/ext09br.def
Correção e redistribuição de óbitos segundo a Pesquisa de Busca Ativa - MORTALIDADE - ÓBITOS POR IDADE E SEXO CORRIGIDO PELO BUSCA ATIVA - BRASIL,http://tabnet.datasus.gov.br/cgi/deftohtm.exe?obitocorr/cnv/obitocorr.def
Correção e redistribuição de óbitos segundo a Pesquisa de Busca Ativa - MORTALIDADE - REDISTRIBUIÇÃO POR CAPÍTULOS DOS ÓBITOS CORRIGIDOS PELA PESQUISA DE BUSCA ATIVA - BRASIL,http://tabnet.datasus.gov.br/cgi/deftohtm.exe?obitocorr/cnv/obitoredistr.def
Painéis de monitoramento (SVS) - Painel de monitoramento sobre nascidos vivos – 1996 até o momento atual,http://svs.aids.gov.br/dantps/centrais-de-conteudos/paineis-de-monitoramento/natalidade/nascidos-vivos/
Painéis de monitoramento (SVS) - Painel de monitoramento do excesso de cesáreas (grupos de Robson) – 1996 até o momento atual,http://svs.aids.gov.br/dantps/centrais-de-conteudos/paineis-de-monitoramento/natalidade/grupos-de-robson/
Painéis de monitoramento (SVS) - Painel de monitoramento da Regularidade no envio de dados de natalidade – 1996 até o momento atual,http://svs.aids.gov.br/dantps/centrais-de-conteudos/paineis-de-monitoramento/natalidade/regularidade/
Painéis de monitoramento (SVS) - Painel de monitoramento sobre mortalidade por causas específicas (CID10) – 1996 até o momento atual,http://svs.aids.gov.br/dantps/centrais-de-conteudos/paineis-de-monitoramento/mortalidade/cid10/
Painéis de monitoramento (SVS) - Painel de monitoramento da mortalidade prematura por Doenças Crônicas – 1996 até o momento atual,http://svs.aids.gov.br/dantps/centrais-de-conteudos/paineis-de-monitoramento/mortalidade/dcnt/
Painéis de monitoramento (SVS) - Painel de monitoramento da mortalidade Infantil e fetal – notificação e investigação – 1996 até o momento atual,http://svs.aids.gov.br/dantps/centrais-de-conteudos/paineis-de-monitoramento/mortalidade/infantil-e-fetal/
Painéis de monitoramento (SVS) - Painel de monitoramento da mortalidade de Mulher em idade fértil e materna – notificação e investigação – 1996 até o momento atual,http://svs.aids.gov.br/dantps/centrais-de-conteudos/paineis-de-monitoramento/mortalidade/materna/
Painéis de monitoramento (SVS) - Painel de monitoramento da Qualidade da definição da causa de morte (garbage codes**) – 1996 até o momento atual*,http://svs.aids.gov.br/dantps/centrais-de-conteudos/paineis-de-monitoramento/mortalidade/codigos-garbage/
Painéis de monitoramento (SVS) - Painel de monitoramento da Regularidade no envio de dados de mortalidade – 1996 até o momento atual,http://svs.aids.gov.br/dantps/centrais-de-conteudos/paineis-de-monitoramento/mortalidade/regularidade/
Dados preliminares 2020 - Nascidos Vivos,http://tabnet.datasus.gov.br/cgi/deftohtm.exe?sinasc/cnv/pnvbr.def
Dados preliminares 2020 - Anomalia ou defeito congênito em Nascidos Vivos,http://tabnet.datasus.gov.br/cgi/deftohtm.exe?SINASC/anomalias/panomabr.def
Dados preliminares 2020 - Mortalidade geral,http://tabnet.datasus.gov.br/cgi/deftohtm.exe?sim/cnv/pobt10br.def
Dados preliminares 2020 - Óbitos por causas evitáveis - 0 a 4 anos,http://tabnet.datasus.gov.br/cgi/deftohtm.exe?sim/cnv/pevita10br.def
Dados preliminares 2020 - Óbitos por causas evitáveis - 5 a 74 anos,http://tabnet.datasus.gov.br/cgi/deftohtm.exe?sim/cnv/pevitb10br.def
Dados preliminares 2020 - Óbitos infantis,http://tabnet.datasus.gov.br/cgi/deftohtm.exe?sim/cnv/pinf10br.def
Dados preliminares 2020 - Óbitos de mulheres em idade fértil e óbitos maternos,http://tabnet.datasus.gov.br/cgi/deftohtm.exe?sim/cnv/pmat10br.def
Dados preliminares 2020 - Óbitos por causas externas,http://tabnet.datasus.gov.br/cgi/deftohtm.exe?sim/cnv/pext10br.def
Dados preliminares 2020 - Óbitos fetais,http://tabnet.datasus.gov.br/cgi/deftohtm.exe?sim/cnv/pfet10br.def
Dados preliminares 2020 - Óbitos por causa múltipla,http://tabnet.datasus.gov.br/cgi/deftohtm.exe?sim/caumul/pcaumulbr.def
Dados preliminares 2020 - Óbitos por causas mal definidas ou inespecíficas,http://tabnet.datasus.gov.br/cgi/deftohtm.exe?sim/compl/pmaldefbr.def
Dados preliminares 2020 - Óbitos por causas pouco úteis,http://tabnet.datasus.gov.br/cgi/deftohtm.exe?sim/compl/ppoucutilbr.def
Mortalidade – dede 1996 pela CID-10 - Mortalidade geral,http://tabnet.datasus.gov.br/cgi/deftohtm.exe?sim/cnv/obt10br.def
Mortalidade – dede 1996 pela CID-10 - Óbitos por causas evitáveis - 0 a 4 anos,http://tabnet.datasus.gov.br/cgi/deftohtm.exe?sim/cnv/evita10br.def
Mortalidade – dede 1996 pela CID-10 - Óbitos por causas evitáveis - 5 a 74 anos,http://tabnet.datasus.gov.br/cgi/deftohtm.exe?sim/cnv/evitb10br.def
Mortalidade – dede 1996 pela CID-10 - Óbitos infantis,http://tabnet.datasus.gov.br/cgi/deftohtm.exe?sim/cnv/inf10br.def
Mortalidade – dede 1996 pela CID-10 - Óbitos de mulheres em idade fértil e óbitos maternos,https://datasus.saude.gov.br/mortalidade-desde-1996-pela-cid-10
Mortalidade – dede 1996 pela CID-10 - Óbitos por causas externas,http://tabnet.datasus.gov.br/cgi/deftohtm.exe?sim/cnv/ext10br.def
Mortalidade – dede 1996 pela CID-10 - Óbitos fetais,http://tabnet.datasus.gov.br/cgi/deftohtm.exe?sim/cnv/fet10br.def
Mortalidade – dede 1996 pela CID-10 - Óbitos por causa múltipla,http://tabnet.datasus.gov.br/cgi/deftohtm.exe?sim/caumul/caumulbr.def
Mortalidade – dede 1996 pela CID-10 - Óbitos por causas mal definidas e inespecíficas,http://tabnet.datasus.gov.br/cgi/deftohtm.exe?sim/compl/maldefbr.def
Mortalidade – dede 1996 pela CID-10 - Óbitos por causas pouco úteis,http://tabnet.datasus.gov.br/cgi/deftohtm.exe?sim/compl/poucutilbr.def
Nascidos Vivos – desde 1994 - Nascidos vivos,http://tabnet.datasus.gov.br/cgi/deftohtm.exe?sinasc/cnv/nvbr.def
Nascidos Vivos – desde 1994 - Anomalia ou defeito congênito em Nascidos Vivos,http://tabnet.datasus.gov.br/cgi/deftohtm.exe?sinasc/Anomalias/anomabr.def
Vigilância Alimentar e Nutricional (SISVAN) - Estado Nutricional - Usuários da Atenção Básica,http://tabnet.datasus.gov.br/cgi/deftohtm.exe?sisvan/cnv/acom_br.def
Vigilância Alimentar e Nutricional (SISVAN) - Estado nutricional dos beneficiários do Programa Bolsa Família,http://tabnet.datasus.gov.br/cgi/deftohtm.exe?bolsa/cnv/ACOMP_br.def
Atenção Básica – Saúde da Família – de 1998 a 2015 - Situação de Saúde,http://tabnet.datasus.gov.br/cgi/deftohtm.exe?siab/cnv/SIABSbr.def
Atenção Básica – Saúde da Família – de 1998 a 2015 - Produção e Marcadores,http://tabnet.datasus.gov.br/cgi/deftohtm.exe?siab/cnv/SIABPbr.def
Atenção Básica – Saúde da Família – de 1998 a 2015 - Cadastramento Familiar,http://tabnet.datasus.gov.br/cgi/deftohtm.exe?siab/cnv/SIABFbr.def
Atenção Básica – Saúde da Família – de 1998 a 2015 - Situação de Saneamento,http://tabnet.datasus.gov.br/cgi/deftohtm.exe?siab/cnv/SIABCbr.def
Atenção Básica – Saúde da Família – de 1998 a 2015 - PMA Complementar,http://tabnet.datasus.gov.br/cgi/deftohtm.exe?siab/cnv/siabobr.def
Imunizações – desde 1994 - Doses aplicadas,http://tabnet.datasus.gov.br/cgi/dhdat.exe?bd_pni/dpnibr.def
Imunizações – desde 1994 - Cobertura,http://tabnet.datasus.gov.br/cgi/dhdat.exe?bd_pni/cpnibr.def
Imunizações – desde 1994 - Taxa de Abandono,http://tabnet.datasus.gov.br/cgi/dhdat.exe?bd_pni/tpnibr.def
Produção Ambulatorial (SIA/SUS) - Por local de atendimento - a partir de 2008,http://tabnet.datasus.gov.br/cgi/deftohtm.exe?sia/cnv/qabr.def
Produção Ambulatorial (SIA/SUS) - Por local de atendimento - de 1994 a 2007,http://tabnet.datasus.gov.br/cgi/deftohtm.exe?sia/cnv/pabr.def
Produção Ambulatorial (SIA/SUS) - Por local de residência - a partir de 2008,http://tabnet.datasus.gov.br/cgi/deftohtm.exe?sia/cnv/qbbr.def
Produção Ambulatorial (SIA/SUS) - Por gestor - a partir de 2008,http://tabnet.datasus.gov.br/cgi/deftohtm.exe?sia/cnv/qgbr.def
"Produção Hospitalar (SIH/SUS) - Dados Consolidados AIH (RD), por local de internação, a partir de 2008",http://tabnet.datasus.gov.br/cgi/deftohtm.exe?sih/cnv/qibr.def
"Produção Hospitalar (SIH/SUS) - Dados Consolidados AIH (RD), por local de internação, de 1992 a 2007",http://tabnet.datasus.gov.br/cgi/deftohtm.exe?sih/cnv/pibr.def
"Produção Hospitalar (SIH/SUS) - Dados Consolidados AIH (RD), por local de residência, a partir de 2008",http://tabnet.datasus.gov.br/cgi/deftohtm.exe?sih/cnv/qrbr.def
"Produção Hospitalar (SIH/SUS) - Dados Consolidados AIH (RD), por local de residência, de 1995 a 2007",http://tabnet.datasus.gov.br/cgi/deftohtm.exe?sih/cnv/pruf.def
"Produção Hospitalar (SIH/SUS) - Dados Consolidados AIH (RD), por gestor, a partir de 2008",http://tabnet.datasus.gov.br/cgi/deftohtm.exe?sih/cnv/qgbr.def
"Produção Hospitalar (SIH/SUS) - Dados Detalhados de AIH (SP), por local de internação, 2008 em diante",http://tabnet.datasus.gov.br/cgi/deftohtm.exe?sih/cnv/spauf.def
"Produção Hospitalar (SIH/SUS) - Dados Detalhados de AIH (SP), por local de residência, 2008 em diante",http://tabnet.datasus.gov.br/cgi/deftohtm.exe?sih/cnv/spruf.def
"Produção Hospitalar (SIH/SUS) - Dados Detalhados de AIH (SP), por gestor, de 2008 em diante",http://tabnet.datasus.gov.br/cgi/deftohtm.exe?sih/cnv/spgbr.def
Pactos de Atenção Básica - 2006,http://tabnet.datasus.gov.br/cgi/deftohtm.exe?pacto/2006/cnv/pacbr.def
Pactos de Atenção Básica - 2005,http://tabnet.datasus.gov.br/cgi/deftohtm.exe?pacto/2005/cnv/pacbr.def
Pactos de Atenção Básica - 2004,http://tabnet.datasus.gov.br/cgi/deftohtm.exe?pacto/2004/cnv/pacbr.def
Pactos de Atenção Básica - 2003,http://tabnet.datasus.gov.br/cgi/deftohtm.exe?pacto/2003/cnv/pacbr.def
Pactos de Atenção Básica - 2002,http://tabnet.datasus.gov.br/cgi/deftohtm.exe?pacto/2002/cnv/pacbr.def
Pacto pela Saúde – 2010/2011 - Indicadores,http://tabnet.datasus.gov.br/cgi/deftohtm.exe?pacto/2010/cnv/pactbr.def
Pacto pela Saúde – 2010/201 - valores absolutos,http://tabnet.datasus.gov.br/cgi/deftohtm.exe?pacto/2010/cnv/ABSbr.def
Transição Pacto pela Saúde e COAP – 2012 - Indicadores,http://tabnet.datasus.gov.br/cgi/deftohtm.exe?pacto/2012/cnv/pactbr.def
Transição Pacto pela Saúde e COAP – 2012 - Valores Absolutos,http://tabnet.datasus.gov.br/cgi/deftohtm.exe?pacto/2012/cnv/ABSbr.def
"Rol de Diretrizes, Objetivos, Metas e Indicadores 2013-2015 – Edição 2015 - Indicadores Regionais, Estaduais e Nacionais",http://tabnet.datasus.gov.br/cgi/deftohtm.exe?pacto/2015/cnv/coapcirbr.def
"Rol de Diretrizes, Objetivos, Metas e Indicadores 2013-2015 – Edição 2015 - Indicadores Municipais",http://tabnet.datasus.gov.br/cgi/deftohtm.exe?pacto/2015/cnv/coapmunbr.def
"Rol de Diretrizes, Objetivos, Metas e Indicadores 2013-2015 – Edição 2015 - Valores Absolutos",http://tabnet.datasus.gov.br/cgi/tabcgi.exe?pacto/2015/cnv/absbr.def
A. Indicadores demográficos - População total - A.1,http://tabnet.datasus.gov.br/cgi/deftohtm.exe?idb2012/a01.def
A. Indicadores demográficos - Razão de sexo - A.2,http://tabnet.datasus.gov.br/cgi/deftohtm.exe?idb2012/a02.def
A. Indicadores demográficos - Proporção de menores de 5 anos de idade na população - A.13,http://tabnet.datasus.gov.br/cgi/deftohtm.exe?idb2012/a13.def
A. Indicadores demográficos - Proporção de idosos na população - A.14,http://tabnet.datasus.gov.br/cgi/deftohtm.exe?idb2012/a14.def
A. Indicadores demográficos - Índice de envelhecimento - A.15,http://tabnet.datasus.gov.br/cgi/deftohtm.exe?idb2012/a15.def
A. Indicadores demográficos - Razão de dependência - A.16,http://tabnet.datasus.gov.br/cgi/deftohtm.exe?idb2012/a16.def
A. Indicadores demográficos - Mortalidade proporcional por idade - A.8,http://tabnet.datasus.gov.br/cgi/deftohtm.exe?idb2012/a08.def
"A. Indicadores demográficos - Mortalidade proporcional por idade, em menores de 1 ano de idade - A.9",http://tabnet.datasus.gov.br/cgi/deftohtm.exe?idb2012/a09.def
"B. Indicadores socioeconômicos - B.2.1 Escolaridade da população de 15 anos ou mais - Fonte: IBGE/Pesquisa Nacional por Amostra de Domicílios - PNAD 2001-2009, 2011-2012",http://tabnet.datasus.gov.br/cgi/dh.exe?idb2012/b0201c.def
"B. Indicadores socioeconômicos - B.2.1 Escolaridade da população de 15 anos ou mais - Fonte: IBGE/Pesquisa Nacional por Amostra de Domicílios - PNAD 1992-1993, 1995-1999",http://tabnet.datasus.gov.br/cgi/dh.exe?idb2012/b0201b.def
"B. Indicadores socioeconômicos - B.2.2 Escolaridade da população de 18 a 24 anos - Fonte: IBGE/Pesquisa Nacional por Amostra de Domicílios - PNAD 2001-2009, 2011-2012",http://tabnet.datasus.gov.br/cgi/dh.exe?idb2012/b0202c.def
"B. Indicadores socioeconômicos - B.2.2 Escolaridade da população de 18 a 24 anos - Fonte: IBGE/Pesquisa Nacional por Amostra de Domicílios - PNAD 1992-1993, 1995-1999",http://tabnet.datasus.gov.br/cgi/dh.exe?idb2012/b0202b.def
B. Indicadores socioeconômicos - Produto Interno Bruto (PIB) <i>per capita</i> - B.3,http://tabnet.datasus.gov.br/cgi/deftohtm.exe?idb2012/b03.def
"B. Indicadores socioeconômicos - B.8 Renda média domiciliar per capita - 
Fonte: IBGE/Censos Demográficos 2000 e 2010",http://tabnet.datasus.gov.br/cgi/deftohtm.exe?idb2012/b08a.def
"B. Indicadores socioeconômicos - B.8 Renda média domiciliar per capita - Fonte: IBGE/Pesquisa Nacional por Amostra de Domicílios - PNAD 2001-2009, 2011-2012",http://tabnet.datasus.gov.br/cgi/dh.exe?idb2012/b08c.def
"B. Indicadores socioeconômicos - B.8 Renda média domiciliar per capita - Fonte: IBGE/Pesquisa Nacional por Amostra de Domicílios - PNAD 1992-1993, 1995-1999",http://tabnet.datasus.gov.br/cgi/dh.exe?idb2012/b08b.def
B. Indicadores socioeconômicos - B.5.1 Proporção de pessoas com baixa renda - Fonte: IBGE/Censos Demográficos 2000 e 2010,http://tabnet.datasus.gov.br/cgi/deftohtm.exe?idb2012/b0501a.def
"B. Indicadores socioeconômicos - B.5.1 Proporção de pessoas com baixa renda - Fonte: IBGE/Pesquisa Nacional por Amostra de Domicílios - PNAD 2001-2009, 2011-2012",http://tabnet.datasus.gov.br/cgi/dh.exe?idb2012/b0501c.def
"B. Indicadores socioeconômicos - B.5.1 Proporção de pessoas com baixa renda - Fonte: IBGE/Pesquisa Nacional por Amostra de Domicílios - PNAD 1992-1993, 1995-1999",http://tabnet.datasus.gov.br/cgi/dh.exe?idb2012/b0501b.def
B. Indicadores socioeconômicos -  5.2 Proporção de crianças em situação domiciliar de baixa renda - Fonte: IBGE/Censos Demográficos 2000 e 2010,http://tabnet.datasus.gov.br/cgi/deftohtm.exe?idb2012/b0502a.def
B. Indicadores socioeconômicos -  5.2 Proporção de crianças em situação domiciliar de baixa renda - Fonte: IBGE/Censos Demográficos 2000 e 2010,http://tabnet.datasus.gov.br/cgi/dh.exe?idb2012/b0502c.def
"B. Indicadores socioeconômicos - B.5.2 Proporção de crianças em situação domiciliar de baixa renda - Fonte: IBGE/Pesquisa Nacional por Amostra de Domicílios - PNAD 1992-1993, 1995-1999",http://tabnet.datasus.gov.br/cgi/dh.exe?idb2012/b0502b.def
"B. Indicadores socioeconômicos - B.7 Taxa de trabalho infantil - Fonte: IBGE/Censos Demográficos 1991, 2000 e 2010",http://tabnet.datasus.gov.br/cgi/deftohtm.exe?idb2012/b07a.def
"B. Indicadores socioeconômicos - B.7 Taxa de trabalho infantil - 
Fonte: IBGE/Pesquisa Nacional por Amostra de Domicílios - PNAD 2001-2009, 2011-2012",http://tabnet.datasus.gov.br/cgi/dh.exe?idb2012/b07c.def
"B. Indicadores socioeconômicos - B.7 Taxa de trabalho infantil - Fonte: IBGE/Pesquisa Nacional por Amostra de Domicílios - PNAD 1992-1993, 1995-1999",http://tabnet.datasus.gov.br/cgi/dh.exe?idb2012/b07b.def
"B. Indicadores socioeconômicos - B.10 Proporção de idosos residentes em domicílios na condição de outro parente - Fonte: IBGE/Censos Demográficos 1991, 2000 e 2010",http://tabnet.datasus.gov.br/cgi/deftohtm.exe?idb2012/b10a.def
"B. Indicadores socioeconômicos - B.10 Proporção de idosos residentes em domicílios na condição de outro parente - Fonte: IBGE/Pesquisa Nacional por Amostra de Domicílios - PNAD 2001-2009, 2011-2012",http://tabnet.datasus.gov.br/cgi/dh.exe?idb2012/b10c.def
"B. Indicadores socioeconômicos - B.10 Proporção de idosos residentes em domicílios na condição de outro parente - Fonte: IBGE/Pesquisa Nacional por Amostra de Domicílios - PNAD 1992-1993, 1995-1999",http://tabnet.datasus.gov.br/cgi/dh.exe?idb2012/b10b.def
C. Indicadores de mortalidade - Mortalidade materna segundo tipo de causa - C.18,http://tabnet.datasus.gov.br/cgi/deftohtm.exe?idb2012/c18.def
C. Indicadores de mortalidade - Mortalidade proporcional por grupos de causas - C.4,http://tabnet.datasus.gov.br/cgi/deftohtm.exe?idb2012/c04.def
C. Indicadores de mortalidade - Proporção de óbitos por causas mal definidas - C.5,http://tabnet.datasus.gov.br/cgi/deftohtm.exe?idb2012/c05.def
C. Indicadores de mortalidade - Proporção de óbitos por doença diarreica aguda em menores de 5 anos de idade - C.6,http://tabnet.datasus.gov.br/cgi/deftohtm.exe?idb2012/c06.def
C. Indicadores de mortalidade - Proporção de óbitos por infecção respiratória aguda em menores de 5 anos de idade - C.7,http://tabnet.datasus.gov.br/cgi/deftohtm.exe?idb2012/c07.def
C. Indicadores de mortalidade - Taxa de mortalidade específica por doenças do aparelho circulatório - C.8,http://tabnet.datasus.gov.br/cgi/deftohtm.exe?idb2012/c08.def
C. Indicadores de mortalidade - Taxa de mortalidade específica por causas externas - C.9,http://tabnet.datasus.gov.br/cgi/deftohtm.exe?idb2012/c09.def
C. Indicadores de mortalidade - Taxa de mortalidade específica por neoplasias malignas - C.10,http://tabnet.datasus.gov.br/cgi/deftohtm.exe?idb2012/c10.def
C. Indicadores de mortalidade - Taxa de mortalidade específica por acidentes de trabalho em Segurados da Previdência Social - C.11,http://tabnet.datasus.gov.br/cgi/deftohtm.exe?idb2012/c11.def
C. Indicadores de mortalidade - Taxa de mortalidade específica por diabete melito - C.12,http://tabnet.datasus.gov.br/cgi/deftohtm.exe?idb2012/c12.def
C. Indicadores de mortalidade - Taxa de mortalidade específica por aids - C.14,http://tabnet.datasus.gov.br/cgi/deftohtm.exe?idb2012/c14.def
C. Indicadores de mortalidade - Taxa de mortalidade específica por doenças transmissíveis - C.17,http://tabnet.datasus.gov.br/cgi/deftohtm.exe?idb2012/c17.def
D. Indicadores de morbidade - Sarampo - D.1.1,http://tabnet.datasus.gov.br/cgi/deftohtm.exe?idb2012/d0101.def
D. Indicadores de morbidade - Difteria - D.1.2,http://tabnet.datasus.gov.br/cgi/deftohtm.exe?idb2012/d0102.def
D. Indicadores de morbidade - Coqueluche - D.1.3,http://tabnet.datasus.gov.br/cgi/deftohtm.exe?idb2012/d0103.def
D. Indicadores de morbidade - Tétano neonatal - D.1.4,http://tabnet.datasus.gov.br/cgi/deftohtm.exe?idb2012/d0104.def
D. Indicadores de morbidade - Tétano (exceto o neonatal) - D.1.5,http://tabnet.datasus.gov.br/cgi/deftohtm.exe?idb2012/d0105.def
D. Indicadores de morbidade - Febre amarela - D.1.6,http://tabnet.datasus.gov.br/cgi/deftohtm.exe?idb2012/d0106.def
D. Indicadores de morbidade - Raiva humana - D.1.7,http://tabnet.datasus.gov.br/cgi/deftohtm.exe?idb2012/d0107.def
D. Indicadores de morbidade - Hepatite B - D.1.8,http://tabnet.datasus.gov.br/cgi/deftohtm.exe?idb2012/d0108.def
D. Indicadores de morbidade - Hepatite C - D.1.14,http://tabnet.datasus.gov.br/cgi/deftohtm.exe?idb2012/d0114.def
D. Indicadores de morbidade - Cólera - D.1.9,http://tabnet.datasus.gov.br/cgi/deftohtm.exe?idb2012/d0109.def
D. Indicadores de morbidade - Febre hemorrágica da dengue - D.1.10,http://tabnet.datasus.gov.br/cgi/deftohtm.exe?idb2012/d0110.def
D. Indicadores de morbidade - Sífilis congênita - D.1.11,http://tabnet.datasus.gov.br/cgi/deftohtm.exe?idb2012/d0111.def
D. Indicadores de morbidade - Rubéola - D.1.12,http://tabnet.datasus.gov.br/cgi/deftohtm.exe?idb2012/d0112.def
D. Indicadores de morbidade - Síndrome da rubéola congênita - D.1.13,http://tabnet.datasus.gov.br/cgi/deftohtm.exe?idb2012/d0113.def
D. Indicadores de morbidade - Doença meningocócica - D.1.15,http://tabnet.datasus.gov.br/cgi/deftohtm.exe?idb2012/d0115.def
D. Indicadores de morbidade - Meningite - D.1.16,http://tabnet.datasus.gov.br/cgi/deftohtm.exe?idb2012/d0116.def
D. Indicadores de morbidade - Leptospirose - D.1.17,http://tabnet.datasus.gov.br/cgi/deftohtm.exe?idb2012/d0117.def
D. Indicadores de morbidade - Tuberculose - D.2.2,http://tabnet.datasus.gov.br/cgi/deftohtm.exe?idb2012/d0202.def
D. Indicadores de morbidade - Dengue - D.2.3,http://tabnet.datasus.gov.br/cgi/deftohtm.exe?idb2012/d0203.def
D. Indicadores de morbidade - Leishmaniose tegumentar americana - D.2.4,http://tabnet.datasus.gov.br/cgi/deftohtm.exe?idb2012/d0204.def
D. Indicadores de morbidade - Leishmaniose visceral - D.2.5,http://tabnet.datasus.gov.br/cgi/deftohtm.exe?idb2012/d0205.def
D. Indicadores de morbidade - Hanseníase - D.2.6,http://tabnet.datasus.gov.br/cgi/deftohtm.exe?idb2012/d0206.def
D. Indicadores de morbidade - Índice parasitário anual (IPA) de malária - D.4,http://tabnet.datasus.gov.br/cgi/deftohtm.exe?idb2012/d04.def
D. Indicadores de morbidade - Taxa de incidência de acidentes e doenças do trabalho em segurados da Previdência Social - D.6,http://tabnet.datasus.gov.br/cgi/deftohtm.exe?idb2012/d06.def
D. Indicadores de morbidade - Proporção de casos de aids por categoria de exposição - D.31,http://tabnet.datasus.gov.br/cgi/deftohtm.exe?idb2012/d31.def
D. Indicadores de morbidade - Proporção de internações hospitalares (SUS) por grupos de causas - D.13,http://tabnet.datasus.gov.br/cgi/deftohtm.exe?idb2012/d13.def
D. Indicadores de morbidade - Proporção de internações hospitalares (SUS) por causas externas - D.14,http://tabnet.datasus.gov.br/cgi/deftohtm.exe?idb2012/d14.def
D. Indicadores de morbidade - Taxa de internação hospitalar (SUS) por causas selecionadas - D.29,http://tabnet.datasus.gov.br/cgi/deftohtm.exe?idb2012/d29.def
D. Indicadores de morbidade - Taxa de internação hospitalar (SUS) por causas externas - D.30,http://tabnet.datasus.gov.br/cgi/deftohtm.exe?idb2012/d30.def
D. Indicadores de morbidade - Proporção de internações hospitalares (SUS) por afecções,http://tabnet.datasus.gov.br/cgi/deftohtm.exe?idb2012/d23.def
D. Indicadores de morbidade - Prevalência de pacientes em diálise (SUS) - D.22,http://tabnet.datasus.gov.br/cgi/deftohtm.exe?idb2012/d22.def
G. Indicadores de fatores de risco e de proteção - G. Indicadores de fatores de risco e de proteção - Prevalência de diabete melito - G.1,http://tabnet.datasus.gov.br/cgi/dh.exe?idb2012/g01.def
G. Indicadores de fatores de risco e de proteção - Prevalência de hipertensão arterial - G.2,http://tabnet.datasus.gov.br/cgi/dh.exe?idb2012/g02.def
G. Indicadores de fatores de risco e de proteção - Prevalência de indivíduos que praticam o nível recomendado de atividade física no tempo livre - G.3,http://tabnet.datasus.gov.br/cgi/dh.exe?idb2012/g03.def
G. Indicadores de fatores de risco e de proteção - Prevalência de fumantes atuais - G.4,http://tabnet.datasus.gov.br/cgi/dh.exe?idb2012/g04.def
G. Indicadores de fatores de risco e de proteção - Prevalência de ex-fumantes - G.19,http://tabnet.datasus.gov.br/cgi/dh.exe?idb2012/g19.def
G. Indicadores de fatores de risco e de proteção - Prevalência de consumo abusivo de bebidas alcoólicas - G.5,http://tabnet.datasus.gov.br/cgi/dh.exe?idb2012/g05.def
G. Indicadores de fatores de risco e de proteção - Prevalência de indivíduos dirigindo veículos motorizados após consumir bebida alcoólica - G.6,http://tabnet.datasus.gov.br/cgi/dh.exe?idb2012/g06.def
G. Indicadores de fatores de risco e de proteção - Proporção de nascidos vivos de mães adolescentes - G.15,http://tabnet.datasus.gov.br/cgi/deftohtm.exe?idb2012/g15.def
G. Indicadores de fatores de risco e de proteção - Proporção de nascidos vivos de baixo peso ao nascer - G.16,http://tabnet.datasus.gov.br/cgi/deftohtm.exe?idb2012/g16.def
E. Indicadores de recursos - Número de profissionais de saúde por habitante - E.1,http://tabnet.datasus.gov.br/cgi/deftohtm.exe?idb2012/e01.def
E. Indicadores de recursos - Número de concluintes de cursos de graduação em saúde - E.15,http://tabnet.datasus.gov.br/cgi/deftohtm.exe?idb2012/e15.def
E. Indicadores de recursos - Distribuição de postos de trabalho de nível superior em estabelecimentos de saúde - E.16,http://tabnet.datasus.gov.br/cgi/deftohtm.exe?idb2012/e16.def
E. Indicadores de recursos - Número de postos de trabalho de enfermagem por leito hospitalar - E.17,http://tabnet.datasus.gov.br/cgi/deftohtm.exe?idb2012/e17.def
E. Indicadores de recursos - Número de leitos hospitalares por habitante - AMS/IBGE - E.2,http://tabnet.datasus.gov.br/cgi/deftohtm.exe?idb2012/e02.def
E. Indicadores de recursos - Distribuição de leitos hospitalares segundo esfera administrativa e tipo de prestador -,http://tabnet.datasus.gov.br/cgi/dh.exe?idb2012/e22.def
E. Indicadores de recursosNúmero de equipamentos de imagem por habitante - E.18,http://tabnet.datasus.gov.br/cgi/deftohtm.exe?idb2012/e18.def
E. Indicadores de recursos - Gasto com ações e serviços públicos de saúde como proporção do PIB - E.6.1,http://tabnet.datasus.gov.br/cgi/deftohtm.exe?idb2012/e0601.def
E. Indicadores de recursos - Gasto com ações e serviços públicos de saúde <i>per capita</i> - E.6.2,http://tabnet.datasus.gov.br/cgi/deftohtm.exe?idb2012/e0602.def
E. Indicadores de recursos - Valor médio pago por internação hospitalar no SUS (AIH) - E.11,http://tabnet.datasus.gov.br/cgi/deftohtm.exe?idb2012/e11.def
F. Indicadores de cobertura - Número de consultas médicas (SUS) por habitante - F.1,http://tabnet.datasus.gov.br/cgi/deftohtm.exe?idb2012/f01.def
F. Indicadores de cobertura - Proporção da população que refere ter consultado médico nos últimos 12 meses - F.20,http://tabnet.datasus.gov.br/cgi/dh.exe?idb2012/f20.def
F. Indicadores de cobertura - Distribuição da população segundo tempo de realização da última consulta odontológica - F.21,http://tabnet.datasus.gov.br/cgi/dh.exe?idb2012/f21.def
F. Indicadores de cobertura - Proporção da população que refere ter realizado a última consulta odontológica há menos de 1 ano - F.21.1,http://tabnet.datasus.gov.br/cgi/dh.exe?idb2012/f2101.def
F. Indicadores de cobertura - Proporção da população que refere nunca ter realizado consulta odontológica  - F.21.2,http://tabnet.datasus.gov.br/cgi/dh.exe?idb2012/f2102.def
F. Indicadores de cobertura - Número de procedimentos diagnósticos por consulta médica (SUS) - F.2,http://tabnet.datasus.gov.br/cgi/deftohtm.exe?idb2012/f02.def
F. Indicadores de cobertura - Distribuição da população feminina segundo tempo de realização do último exame preventivo para câncer do colo do útero - F.22,http://tabnet.datasus.gov.br/cgi/dh.exe?idb2012/f22.def
F. Indicadores de cobertura - Proporção da população feminina de 25 a 64 anos que refere ter realizado o último exame preventivo do câncer do colo do útero nos últimos 3 anos - F.22.1,http://tabnet.datasus.gov.br/cgi/dh.exe?idb2012/f2201.def
F. Indicadores de cobertura - Proporção da população feminina de 25 a 64 anos que refere nunca ter realizado exame preventivo do câncer do colo do útero  - F.22.2,http://tabnet.datasus.gov.br/cgi/dh.exe?idb2012/f2202.def
F. Indicadores de cobertura - Distribuição da população feminina segundo tempo de realização da última mamografia - F.23,http://tabnet.datasus.gov.br/cgi/dh.exe?idb2012/f23.def
F. Indicadores de cobertura - Proporção da população feminina de 50 a 69 anos que refere ter realizado a última mamografia nos últimos,http://tabnet.datasus.gov.br/cgi/dh.exe?idb2012/f2301.def
F. Indicadores de cobertura - Proporção da população feminina de 50 a 69 anos que refere nunca ter realizado mamografia  - F.23.2,http://tabnet.datasus.gov.br/cgi/dh.exe?idb2012/f2302.def
F. Indicadores de cobertura - Número de internações hospitalares (SUS) por habitante - F.3,http://tabnet.datasus.gov.br/cgi/deftohtm.exe?idb2012/f03.def
F. Indicadores de cobertura - Proporção da população que refere internação hospitalar nos últimos 12 meses - F.24,http://tabnet.datasus.gov.br/cgi/dh.exe?idb2012/f24.def
F. Indicadores de cobertura - Proporção de internações hospitalares (SUS) por especialidade - F.5,http://tabnet.datasus.gov.br/cgi/deftohtm.exe?idb2012/f05.def
F. Indicadores de cobertura - Cobertura de consultas de pré-natal - F.6,http://tabnet.datasus.gov.br/cgi/deftohtm.exe?idb2012/f06.def
F. Indicadores de cobertura - Proporção de partos hospitalares - F.7,http://tabnet.datasus.gov.br/cgi/deftohtm.exe?idb2012/f07.def
F. Indicadores de cobertura - Proporção de partos cesáreos - F.8,http://tabnet.datasus.gov.br/cgi/deftohtm.exe?idb2012/f08.def
F. Indicadores de cobertura - Proporção de crianças vacinadas na faixa etária recomendada - F.13,http://tabnet.datasus.gov.br/cgi/deftohtm.exe?idb2012/f13.def
F. Indicadores de cobertura - Proporção da população coberta por planos de saúde - IBGE - F.15,http://tabnet.datasus.gov.br/cgi/dh.exe?idb2012/f15.def
F. Indicadores de cobertura - Proporção da população coberta por planos privados de saúde - ANS - F.16,http://tabnet.datasus.gov.br/cgi/deftohtm.exe?idb2012/f16.def
"Epidemiologia e Morbidade - Morbidade Hospitalar do SUS (SIH/SUS) - Geral, por local de residência - a partir de 2008",http://tabnet.datasus.gov.br/cgi/deftohtm.exe?sih/cnv/nruf.def
"Epidemiologia e Morbidade - Morbidade Hospitalar do SUS (SIH/SUS) - Causas Externas, por local de internação - a partir de 2008",http://tabnet.datasus.gov.br/cgi/deftohtm.exe?sih/cnv/fiuf.def
"Epidemiologia e Morbidade - Morbidade Hospitalar do SUS (SIH/SUS) - Causas Externas, por local de residência - a partir de 2008",http://tabnet.datasus.gov.br/cgi/deftohtm.exe?sih/cnv/frbr.def
"Epidemiologia e Morbidade - Morbidade Hospitalar do SUS (SIH/SUS) - Geral, por local de internação - de 1984 a 2007",http://tabnet.datasus.gov.br/cgi/deftohtm.exe?sih/cnv/miuf.def
"Epidemiologia e Morbidade - Morbidade Hospitalar do SUS (SIH/SUS) - Geral, por local de residência - de 1995 a 2007",http://tabnet.datasus.gov.br/cgi/deftohtm.exe?sih/cnv/mruf.def
"Epidemiologia e Morbidade - Morbidade Hospitalar do SUS (SIH/SUS) - Causas Externas, por local de internação - de 1998 a 2007",http://tabnet.datasus.gov.br/cgi/deftohtm.exe?sih/cnv/eiuf.def
"Epidemiologia e Morbidade - Morbidade Hospitalar do SUS (SIH/SUS) - Causas Externas, por local de residência - de 1998 a 2007",http://tabnet.datasus.gov.br/cgi/deftohtm.exe?sih/cnv/eruf.def
Epidemiologia e Morbidade - Casos de Aids – Desde 1980 (SINAN),http://www2.aids.gov.br/cgi/deftohtm.exe?tabnet/br.def
Epidemiologia e Morbidade - Casos de Hanseníase – Desde 2001 (SINAN),http://tabnet.datasus.gov.br/cgi/tabcgi.exe?sinannet/cnv/hanswbr.def
Epidemiologia e Morbidade - Casos de Tuberculose – Desde 2001 (SINAN),http://tabnet.datasus.gov.br/cgi/tabcgi.exe?sinannet/cnv/tubercbr.def
Epidemiologia e Morbidade - Doenças e Agravos de Notificação – 2001 a 2006(SINAN) - Acidente por Animais Peçonhentos - 2001 a 2006,http://tabnet.datasus.gov.br/cgi/deftohtm.exe?sinanwin/cnv/animaisbr.def
Epidemiologia e Morbidade - Doenças e Agravos de Notificação – 2001 a 2006(SINAN) - Botulismo - 2001 a 2006,http://tabnet.datasus.gov.br/cgi/deftohtm.exe?sinanwin/cnv/botubr.def
Epidemiologia e Morbidade - Doenças e Agravos de Notificação – 2001 a 2006(SINAN) - Cólera - 2001 a 2006,http://tabnet.datasus.gov.br/cgi/deftohtm.exe?sinanwin/cnv/colerabr.def
Epidemiologia e Morbidade - Doenças e Agravos de Notificação – 2001 a 2006(SINAN) - Coqueluche - 2001 a 2006,http://tabnet.datasus.gov.br/cgi/deftohtm.exe?sinanwin/cnv/coquebr.def
Epidemiologia e Morbidade - Doenças e Agravos de Notificação – 2001 a 2006(SINAN) - Dengue - 2001 a 2006,http://tabnet.datasus.gov.br/cgi/deftohtm.exe?sinanwin/cnv/denguebr.def
Epidemiologia e Morbidade - Doenças e Agravos de Notificação – 2001 a 2006(SINAN) - Difteria - 2001 a 2006,http://tabnet.datasus.gov.br/cgi/deftohtm.exe?sinanwin/cnv/difteribr.def
Epidemiologia e Morbidade - Doenças e Agravos de Notificação – 2001 a 2006(SINAN) - Doença de Chagas Aguda - 2001 a 2006,http://tabnet.datasus.gov.br/cgi/deftohtm.exe?sinanwin/cnv/chagasbr.def
Epidemiologia e Morbidade - Doenças e Agravos de Notificação – 2001 a 2006(SINAN) - Doenças Exantemáticas - 2001 a 2006,http://tabnet.datasus.gov.br/cgi/deftohtm.exe?sinanwin/cnv/exantbr.def
Epidemiologia e Morbidade - Doenças e Agravos de Notificação – 2001 a 2006(SINAN) - Esquistossomose - 2001 a 2006,http://tabnet.datasus.gov.br/cgi/deftohtm.exe?sinanwin/cnv/esquistobr.def
Epidemiologia e Morbidade - Doenças e Agravos de Notificação – 2001 a 2006(SINAN) - Febre Amarela - 2001 a 2006,http://tabnet.datasus.gov.br/cgi/deftohtm.exe?sinanwin/cnv/febreamarelabr.def
Epidemiologia e Morbidade - Doenças e Agravos de Notificação – 2001 a 2006(SINAN) - Febre Maculosa - 2001 a 2006,http://tabnet.datasus.gov.br/cgi/deftohtm.exe?sinanwin/cnv/febremaculosabr.def
Epidemiologia e Morbidade - Doenças e Agravos de Notificação – 2001 a 2006(SINAN) - Febre Tifóide - 2001 a 2006,http://tabnet.datasus.gov.br/cgi/deftohtm.exe?sinanwin/cnv/febretifoidebr.def
Epidemiologia e Morbidade - Doenças e Agravos de Notificação – 2001 a 2006(SINAN) - Hantavirose - 2001 a 2006,http://tabnet.datasus.gov.br/cgi/deftohtm.exe?sinanwin/cnv/hantabr.def
Epidemiologia e Morbidade - Doenças e Agravos de Notificação – 2001 a 2006(SINAN) - Hepatite - 2001 a 2006,http://tabnet.datasus.gov.br/cgi/deftohtm.exe?sinanwin/cnv/hepabr.def
Epidemiologia e Morbidade - Doenças e Agravos de Notificação – 2001 a 2006(SINAN) - Intoxicação por Agrotóxico - 2001 a 2006,http://tabnet.datasus.gov.br/cgi/deftohtm.exe?sinanwin/cnv/agrobr.def
Epidemiologia e Morbidade - Doenças e Agravos de Notificação – 2001 a 2006(SINAN) - Leishmaniose Visceral - 2001 a 2006,http://tabnet.datasus.gov.br/cgi/deftohtm.exe?sinanwin/cnv/leishvbr.def
Epidemiologia e Morbidade - Doenças e Agravos de Notificação – 2001 a 2006(SINAN) - Leishmaniose Tegumentar Americana - 2001 a 2006,http://tabnet.datasus.gov.br/cgi/deftohtm.exe?sinanwin/cnv/ltabr.def
Epidemiologia e Morbidade - Doenças e Agravos de Notificação – 2001 a 2006(SINAN) - Leptospirose - 2001 a 2006,http://tabnet.datasus.gov.br/cgi/deftohtm.exe?sinanwin/cnv/leptobr.def
Epidemiologia e Morbidade - Doenças e Agravos de Notificação – 2001 a 2006(SINAN) - Malária - 2001 a 2006,http://tabnet.datasus.gov.br/cgi/deftohtm.exe?sinanwin/cnv/malabr.def
Epidemiologia e Morbidade - Doenças e Agravos de Notificação – 2001 a 2006(SINAN) - Meningite - 2001 a 2006,http://tabnet.datasus.gov.br/cgi/deftohtm.exe?sinanwin/cnv/meninbr.def
Epidemiologia e Morbidade - Doenças e Agravos de Notificação – 2001 a 2006(SINAN) - Peste - 2001 a 2006,http://tabnet.datasus.gov.br/cgi/deftohtm.exe?sinanwin/cnv/pestebr.def
Epidemiologia e Morbidade - Doenças e Agravos de Notificação – 2001 a 2006(SINAN) - Paralisia Flácida Aguda - 2001 a 2006,http://tabnet.datasus.gov.br/cgi/deftohtm.exe?sinanwin/cnv/pfabr.def
Epidemiologia e Morbidade - Doenças e Agravos de Notificação – 2001 a 2006(SINAN) - Raiva - 2001 a 2006,http://tabnet.datasus.gov.br/cgi/deftohtm.exe?sinanwin/cnv/raivabr.def
Epidemiologia e Morbidade - Doenças e Agravos de Notificação – 2001 a 2006(SINAN) - Sífilis em Gestante - 2001 a 2006,http://tabnet.datasus.gov.br/cgi/deftohtm.exe?sinanwin/cnv/sifilisgestantebr.def
Epidemiologia e Morbidade - Doenças e Agravos de Notificação – 2001 a 2006(SINAN) - Sífilis Congênita - 2001 a 2006,http://tabnet.datasus.gov.br/cgi/deftohtm.exe?sinanwin/cnv/sifilisbr.def
Epidemiologia e Morbidade - Doenças e Agravos de Notificação – 2001 a 2006(SINAN) - Síndrome da Rubéola Congênita - 2001 a 2006,http://tabnet.datasus.gov.br/cgi/deftohtm.exe?sinanwin/cnv/srubeolacbr.def
Epidemiologia e Morbidade - Doenças e Agravos de Notificação – 2001 a 2006(SINAN) - Tétano Acidental - 2001 a 2006,http://tabnet.datasus.gov.br/cgi/deftohtm.exe?sinanwin/cnv/tetacidbr.def
Epidemiologia e Morbidade - Doenças e Agravos de Notificação – 2001 a 2006(SINAN) - Tétano Neonatal - 2001 a 2006,http://tabnet.datasus.gov.br/cgi/deftohtm.exe?sinanwin/cnv/tetneobr.def
Epidemiologia e Morbidade - Doenças e Agravos de Notificação – 2007 em diante (SINAN) - http://tabnet.datasus.gov.br/cgi/deftohtm.exe?sinannet/cnv/animaisbr.def,http://tabnet.datasus.gov.br/cgi/deftohtm.exe?sinannet/cnv/animaisbr.def
Epidemiologia e Morbidade - Doenças e Agravos de Notificação – 2007 em diante (SINAN) - http://tabnet.datasus.gov.br/cgi/deftohtm.exe?sinannet/cnv/botubr.def,http://tabnet.datasus.gov.br/cgi/deftohtm.exe?sinannet/cnv/botubr.def
Epidemiologia e Morbidade - Doenças e Agravos de Notificação – 2007 em diante (SINAN) - http://tabnet.datasus.gov.br/cgi/deftohtm.exe?sinannet/cnv/colerabr.def,http://tabnet.datasus.gov.br/cgi/deftohtm.exe?sinannet/cnv/colerabr.def
Epidemiologia e Morbidade - Doenças e Agravos de Notificação – 2007 em diante (SINAN) - http://tabnet.datasus.gov.br/cgi/deftohtm.exe?sinannet/cnv/coquebr.def,http://tabnet.datasus.gov.br/cgi/deftohtm.exe?sinannet/cnv/coquebr.def
Epidemiologia e Morbidade - Doenças e Agravos de Notificação – 2007 em diante (SINAN) - http://tabnet.datasus.gov.br/cgi/deftohtm.exe?sinannet/cnv/denguebr.def,http://tabnet.datasus.gov.br/cgi/deftohtm.exe?sinannet/cnv/denguebr.def
Epidemiologia e Morbidade - Doenças e Agravos de Notificação – 2007 em diante (SINAN) - http://tabnet.datasus.gov.br/cgi/deftohtm.exe?sinannet/cnv/denguebbr.def,http://tabnet.datasus.gov.br/cgi/deftohtm.exe?sinannet/cnv/denguebbr.def
Epidemiologia e Morbidade - Doenças e Agravos de Notificação – 2007 em diante (SINAN) - http://tabnet.datasus.gov.br/cgi/deftohtm.exe?sinannet/cnv/difteribr.def,http://tabnet.datasus.gov.br/cgi/deftohtm.exe?sinannet/cnv/difteribr.def
Epidemiologia e Morbidade - Doenças e Agravos de Notificação – 2007 em diante (SINAN) - http://tabnet.datasus.gov.br/cgi/deftohtm.exe?sinannet/cnv/chagasbr.def,http://tabnet.datasus.gov.br/cgi/deftohtm.exe?sinannet/cnv/chagasbr.def
Epidemiologia e Morbidade - Doenças e Agravos de Notificação – 2007 em diante (SINAN) - http://tabnet.datasus.gov.br/cgi/deftohtm.exe?sinannet/cnv/exantbr.def,http://tabnet.datasus.gov.br/cgi/deftohtm.exe?sinannet/cnv/exantbr.def
Epidemiologia e Morbidade - Doenças e Agravos de Notificação – 2007 em diante (SINAN) - http://tabnet.datasus.gov.br/cgi/deftohtm.exe?sinannet/cnv/esquistobr.def,http://tabnet.datasus.gov.br/cgi/deftohtm.exe?sinannet/cnv/esquistobr.def
Epidemiologia e Morbidade - Doenças e Agravos de Notificação – 2007 em diante (SINAN) - http://tabnet.datasus.gov.br/cgi/deftohtm.exe?sinannet/cnv/febreamarelabr.def,http://tabnet.datasus.gov.br/cgi/deftohtm.exe?sinannet/cnv/febreamarelabr.def
Epidemiologia e Morbidade - Doenças e Agravos de Notificação – 2007 em diante (SINAN) - http://tabnet.datasus.gov.br/cgi/deftohtm.exe?sinannet/cnv/chikunbr.def,http://tabnet.datasus.gov.br/cgi/deftohtm.exe?sinannet/cnv/chikunbr.def
Epidemiologia e Morbidade - Doenças e Agravos de Notificação – 2007 em diante (SINAN) - http://tabnet.datasus.gov.br/cgi/deftohtm.exe?sinannet/cnv/febremaculosabr.def,http://tabnet.datasus.gov.br/cgi/deftohtm.exe?sinannet/cnv/febremaculosabr.def
Epidemiologia e Morbidade - Doenças e Agravos de Notificação – 2007 em diante (SINAN) - http://tabnet.datasus.gov.br/cgi/deftohtm.exe?sinannet/cnv/febretifoidebr.def,http://tabnet.datasus.gov.br/cgi/deftohtm.exe?sinannet/cnv/febretifoidebr.def
Epidemiologia e Morbidade - Doenças e Agravos de Notificação – 2007 em diante (SINAN) - http://tabnet.datasus.gov.br/cgi/deftohtm.exe?sinannet/cnv/hantabr.def,http://tabnet.datasus.gov.br/cgi/deftohtm.exe?sinannet/cnv/hantabr.def
Epidemiologia e Morbidade - Doenças e Agravos de Notificação – 2007 em diante (SINAN) - http://tabnet.datasus.gov.br/cgi/deftohtm.exe?sinannet/cnv/hepabr.def,http://tabnet.datasus.gov.br/cgi/deftohtm.exe?sinannet/cnv/hepabr.def
Epidemiologia e Morbidade - Doenças e Agravos de Notificação – 2007 em diante (SINAN) - http://tabnet.datasus.gov.br/cgi/deftohtm.exe?sinannet/cnv/influbr.def,http://tabnet.datasus.gov.br/cgi/deftohtm.exe?sinannet/cnv/influbr.def
Epidemiologia e Morbidade - Doenças e Agravos de Notificação – 2007 em diante (SINAN) - http://tabnet.datasus.gov.br/cgi/deftohtm.exe?sinannet/cnv/Intoxbr.def,http://tabnet.datasus.gov.br/cgi/deftohtm.exe?sinannet/cnv/Intoxbr.def
Epidemiologia e Morbidade - Doenças e Agravos de Notificação – 2007 em diante (SINAN) - http://tabnet.datasus.gov.br/cgi/deftohtm.exe?sinannet/cnv/leishvbr.def,http://tabnet.datasus.gov.br/cgi/deftohtm.exe?sinannet/cnv/leishvbr.def
Epidemiologia e Morbidade - Doenças e Agravos de Notificação – 2007 em diante (SINAN) - http://tabnet.datasus.gov.br/cgi/deftohtm.exe?sinannet/cnv/ltabr.def,http://tabnet.datasus.gov.br/cgi/deftohtm.exe?sinannet/cnv/ltabr.def
Epidemiologia e Morbidade - Doenças e Agravos de Notificação – 2007 em diante (SINAN) - http://tabnet.datasus.gov.br/cgi/deftohtm.exe?sinannet/cnv/leptobr.def,http://tabnet.datasus.gov.br/cgi/deftohtm.exe?sinannet/cnv/leptobr.def
Epidemiologia e Morbidade - Doenças e Agravos de Notificação – 2007 em diante (SINAN) - http://tabnet.datasus.gov.br/cgi/deftohtm.exe?sinannet/cnv/malabr.def,http://tabnet.datasus.gov.br/cgi/deftohtm.exe?sinannet/cnv/malabr.def
Epidemiologia e Morbidade - Doenças e Agravos de Notificação – 2007 em diante (SINAN) - http://tabnet.datasus.gov.br/cgi/deftohtm.exe?sinannet/cnv/meninbr.def,http://tabnet.datasus.gov.br/cgi/deftohtm.exe?sinannet/cnv/meninbr.def
Epidemiologia e Morbidade - Doenças e Agravos de Notificação – 2007 em diante (SINAN) - http://tabnet.datasus.gov.br/cgi/deftohtm.exe?sinannet/cnv/pestebr.def,http://tabnet.datasus.gov.br/cgi/deftohtm.exe?sinannet/cnv/pestebr.def
Epidemiologia e Morbidade - Doenças e Agravos de Notificação – 2007 em diante (SINAN) - http://tabnet.datasus.gov.br/cgi/deftohtm.exe?sinannet/cnv/pfabr.def,http://tabnet.datasus.gov.br/cgi/deftohtm.exe?sinannet/cnv/pfabr.def
Epidemiologia e Morbidade - Doenças e Agravos de Notificação – 2007 em diante (SINAN) - http://tabnet.datasus.gov.br/cgi/deftohtm.exe?sinannet/cnv/raivabr.def,http://tabnet.datasus.gov.br/cgi/deftohtm.exe?sinannet/cnv/raivabr.def
Epidemiologia e Morbidade - Doenças e Agravos de Notificação – 2007 em diante (SINAN) - http://tabnet.datasus.gov.br/cgi/deftohtm.exe?sinannet/cnv/sifilisadquiridabr.def,http://tabnet.datasus.gov.br/cgi/deftohtm.exe?sinannet/cnv/sifilisadquiridabr.def
Epidemiologia e Morbidade - Doenças e Agravos de Notificação – 2007 em diante (SINAN) - http://tabnet.datasus.gov.br/cgi/deftohtm.exe?sinannet/cnv/sifilisbr.def,http://tabnet.datasus.gov.br/cgi/deftohtm.exe?sinannet/cnv/sifilisbr.def
Epidemiologia e Morbidade - Doenças e Agravos de Notificação – 2007 em diante (SINAN) - http://tabnet.datasus.gov.br/cgi/deftohtm.exe?sinannet/cnv/sifilisgestantebr.def,http://tabnet.datasus.gov.br/cgi/deftohtm.exe?sinannet/cnv/sifilisgestantebr.def
Epidemiologia e Morbidade - Doenças e Agravos de Notificação – 2007 em diante (SINAN) - http://tabnet.datasus.gov.br/cgi/deftohtm.exe?sinannet/cnv/srubeolacbr.def,http://tabnet.datasus.gov.br/cgi/deftohtm.exe?sinannet/cnv/srubeolacbr.def
Epidemiologia e Morbidade - Doenças e Agravos de Notificação – 2007 em diante (SINAN) - http://tabnet.datasus.gov.br/cgi/deftohtm.exe?sinannet/cnv/tetacidbr.def,http://tabnet.datasus.gov.br/cgi/deftohtm.exe?sinannet/cnv/tetacidbr.def
Epidemiologia e Morbidade - Doenças e Agravos de Notificação – 2007 em diante (SINAN) - http://tabnet.datasus.gov.br/cgi/deftohtm.exe?sinannet/cnv/tetneobr.def,http://tabnet.datasus.gov.br/cgi/deftohtm.exe?sinannet/cnv/tetneobr.def
Epidemiologia e Morbidade - Doenças e Agravos de Notificação – 2007 em diante (SINAN) - http://tabnet.datasus.gov.br/cgi/deftohtm.exe?sinannet/cnv/violebr.def,http://tabnet.datasus.gov.br/cgi/deftohtm.exe?sinannet/cnv/violebr.def
Epidemiologia e Morbidade - Doenças e Agravos de Notificação – 2007 em diante (SINAN) - http://tabnet.datasus.gov.br/cgi/deftohtm.exe?sinannet/cnv/zikabr.def,http://tabnet.datasus.gov.br/cgi/deftohtm.exe?sinannet/cnv/zikabr.def
Epidemiologia e Morbidade - Notificações de casos suspeitos de SCZ – desde 2015 - REGISTRO DE EVENTOS EM SAÚDE PÚBLICA (RESP-MICROCEFALIA),http://tabnet.datasus.gov.br/cgi/tabcgi.exe?resp/cnv/respbr.def
Epidemiologia e Morbidade - Programa de Controle da Esquistossomose (PCE),http://tabnet.datasus.gov.br/cgi/deftohtm.exe?sinan/pce/cnv/pcebr.def
"Epidemiologia e Morbidade - Estado Nutricional (SISVAN) - Mortalidade – 1996 a 2017, pela CID-10 - Usuários da Atenção Básica",http://tabnet.datasus.gov.br/cgi/deftohtm.exe?sisvan/cnv/acom_br.def
"Epidemiologia e Morbidade - Estado Nutricional (SISVAN) - Mortalidade – 1996 a 2017, pela CID-10 - Beneficiários do Programa Bolsa Família",http://tabnet.datasus.gov.br/cgi/tabcgi.exe?bolsa/cnv/acomp_br.def
Epidemiologia e Morbidade - Hipertensão e Diabetes (HIPERDIA),http://tabnet.datasus.gov.br/cgi/deftohtm.exe?hiperdia/cnv/hdmg.def
Epidemiologia e Morbidade - Câncer de colo de útero e de mama (SISCOLO/SISMAMA) - Exame Citopatológico Cérvico-Vaginal e Microflora,http://tabnet.datasus.gov.br/cgi/deftohtm.exe?siscolo/ver4/DEF/Brasil/BRCCOLO4.def
Epidemiologia e Morbidade - Câncer de colo de útero e de mama (SISCOLO/SISMAMA) - Exame Anatomo Patológico do Colo do Útero,http://tabnet.datasus.gov.br/cgi/deftohtm.exe?siscolo/ver4/DEF/Brasil/BRHCOLO4.def
Epidemiologia e Morbidade - Câncer de colo de útero e de mama (SISCOLO/SISMAMA) - Exame Citopatológico MAMA,http://tabnet.datasus.gov.br/cgi/deftohtm.exe?siscolo/sismama/DEF/BRCMAMA.def
Epidemiologia e Morbidade - Câncer de colo de útero e de mama (SISCOLO/SISMAMA) - Exame Mamografia,http://tabnet.datasus.gov.br/cgi/deftohtm.exe?siscolo/sismama/DEF/BRMMAMA.def
Epidemiologia e Morbidade - Sistema de Informação do Câncer – SISCAN (colo do útero e mama) - Exame Citopatológico Cérvico-Vaginal e Microflora,http://tabnet.datasus.gov.br/cgi/deftohtm.exe?siscolo/DEF/todos/MGCCOLO.def
Epidemiologia e Morbidade - Sistema de Informação do Câncer – SISCAN (colo do útero e mama) - Exame Anatomo Patológico do Colo do Útero,http://tabnet.datasus.gov.br/cgi/deftohtm.exe?siscolo/DEF/todos/MGHCOLO.def
Epidemiologia e Morbidade - Tempo até o início do tratamento oncológico – PAINEL – oncologia,http://tabnet.datasus.gov.br/cgi/dhdat.exe?PAINEL_ONCO/PAINEL_ONCOLOGIABR.def
Informações Financeiras - Recursos Federais do SUS (por Município) - Conceito de Período de Competência - Brasil,http://tabnet.datasus.gov.br/cgi/deftohtm.exe?recsus/cnv/rsbr.def
Informações Financeiras - Valores aprovados da produção SUS (por Prestador) - Conceito de Período de Competência - Brasil,http://tabnet.datasus.gov.br/cgi/deftohtm.exe?recsus/cnv/rpbr.def
Informações Financeiras - Guia de autorização de pagamento GAP - Brasil,http://tabnet.datasus.gov.br/cgi/deftohtm.exe?gap/cnv/gpbr.def