tp_diretriz,no_diretriz,co_cid_hash,ds_publicacao,ds_url
pcdt,Hepatite C e coinfecções,B171 B182,Portaria SCTIE/MS nº 84 - 19/12/2018 (Publicada em 20/12/2018),http://conitec.gov.br/images/Protocolos/PCDT_HepatiteC_e_coinfeccoes_2018.pdf
pcdt,Profilaxia da reinfecção pelo Vírus da Hepatite B Pós-transplante Hepático,B180 B181 B160 B162,Portaria SAS/MS nº 469 – 23/07/2002 (Publicada em 24/07/2002),http://conitec.gov.br/images/Protocolos/PCDT_ProfilaxiaReinfeccaoVrusHepatite.pdf
pcdt,Hepatite B e Coinfecções,B180 B181 B181 B181 B180 B181 C22 C220 K74 K740 N18 Z940 Z941 Z943 Z944,Portaria SCTIE/MS nº 47 - 02/12/2016 (Publicada em 09/12/2016),http://conitec.gov.br/images/Protocolos/PCDT_hepatite_b_Coinfeces.pdf
pcdt,Doença de Chagas,B57 B570 B571 B572 B573 B574 B575 K231 K931,Portaria SCTIE/MS nº 57/2018 - 31/10/2018 (Publicada em 31/10/2018),http://conitec.gov.br/images/Protocolos/PCDT_Doenca_de_chagas.pdf
ddt,Câncer de Cabeça e Pescoço,C00 C01 C02 C03 C04 C05 C06 C09 C10 C11 C12 C13 C14 C32,Portaria Conjunta SAS/MS nº 516 - 17/05/2015 (Publicada em 18/06/2015),http://conitec.gov.br/images/Protocolos/DDT/DDT_CancerCabecaPescoco_2015.pdf
ddt,Carcinoma de Esôfago,C150 C151 C152 C153 C154 C155 C158 C159,Portaria Conjunta SAS/MS nº 1.439 - 16/12/2014 (Publicada em 17/12/2014),http://conitec.gov.br/images/Artigos_Publicacoes/ddt_Carcinoma-Esofago_2014.pdf
ddt,Tumor do Estroma Gastrointestinal,C150 C151 C152 C153 C154 C155 C158 C159 C160 C161 C162 C163 C164 C165 C166 C168 C169 C170 C171 C172,Portaria SAS/MS nº 494 - 18/06/2014 (Publicada em 20/06/2014),http://conitec.gov.br/images/Protocolos/DDT/Tumor_EstromaGastrointestinal.pdf
ddt,Câncer de Estômago,C160 C161 C162 C163 C164 C165 C166 C168 C169,Portaria Conjunta SAS/SCTIE nº 3 - 15/01/2018 (Publicada em 17/01/2018),http://conitec.gov.br/images/Relatorios/Portaria/2018/Portaria_Conjunta_n3_Adenocarcinoma_de_Estomago-15-01-2018.pdf
ddt,Câncer de Cólon e Reto,C18 C180 C181 C182 C183 C184 C185 C186 C187 C188 C189 C19 C20,Portaria Conjunta SAS/MS nº 958 - 26/09/2014 (Publicada em 29/09/2014),http://conitec.gov.br/images/Artigos_Publicacoes/ddt_Colorretal__26092014.pdf
ddt,Câncer de Fígado - Adultos,C220,Portaria Conjunta SAS/MS nº 602 - 26/06/2012 (Publicada em 26/06/2012),http://conitec.gov.br/images/Protocolos/DDT/Carcinoma_Figado-Adulto.pdf
ddt,Câncer de Pulmão,C34 C340 C341 C342 C343 C348 C349,Portaria Conjunta SAS/MS nº 957 - 26/09/2014 (Publicada em 29/09/2014),http://conitec.gov.br/images/Artigos_Publicacoes/ddt_CAPulmao_26092014.pdf
ddt,Melanoma Cutâneo,C43 C430 C431 C432 C433 C434 C436 C437 C438 C439 D03 D030 D031 D032 D033 D034 D035 D036 D037,Portaria SAS/MS nº 357 - 08/04/2013 (Publicada em 09/04/2013),http://conitec.gov.br/images/Protocolos/DDT/Melanoma-Maligno-Cutaneo.pdf
ddt,Carcinoma de Mama,C500 C501 C502 C503 C504 C505 C506 C508 C509,Portaria Conjunta SAS/SCTIE nº 05 - 18/04/2019 (Publicada em 29/04/2019),http://conitec.gov.br/images/Protocolos/DDT/DDT-Carcinoma-de-mama_PORTARIA-CONJUNTA-N--5.pdf
ddt,Neoplasia Maligna Epitelial de Ovário,C56 C570 C786,Portaria Conjunta SAS/SCTIE nº 01 - 07/01/2019 (Publicada em 14/01/2019),http://conitec.gov.br/images/Protocolos/DDT/DDT_NeoplasiaMalignaEpitelialdeOvario_2019.pdf
ddt,Adenocarcinoma de Próstata,C61 D75,Portaria Conjunta SAS/SCTIE nº 498 - 11/05/2016 (Publicada em 11/05/2016),http://conitec.gov.br/images/Protocolos/DDT/DDT_Adenocarcinoma_Prostata.pdf
ddt,Carcinoma de Células Renais,C64,Portaria SAS/MS nº 1.440 - 16/12/2014 (Publicada em 17/12/2014),http://conitec.gov.br/images/Artigos_Publicacoes/ddt_Carcinoma-CelRenais_2014.pdf
ddt,Tumor Cerebral - Adultos,C710 C711 C712 C713 C714 C715 C716 C717 C718 C719,Portaria Conjunta SAES/SCTIE nº 7 - 13/04/2020 (Republicada em 16/04/2020),http://conitec.gov.br/images/Protocolos/DDT-TumorCerebralAdulto.pdf
pcdt,Carcinoma Diferenciado de Tireóide,C73,Portaria SAS/MS nº 07 - 03/01/2014 (Publicada em 07/01/2014),http://conitec.gov.br/images/Protocolos/PCDT_CarcinomaTireoide.pdf
ddt,Linfoma Folicular,C820 C821 C822 C827 C829,Portaria SAS/MS nº 1.501 - 10/10/2014 (Publicada em 13/10/2014),http://conitec.gov.br/images/Artigos_Publicacoes/ddt_LinfomaFolicular_10102014.pdf
ddt,Linfoma Difuso de Grandes Células B - Adultos,C833,Portaria SAS/MS nº 956 - 26/09/2014 (Publicada em 29/09/2014),http://conitec.gov.br/images/Artigos_Publicacoes/ddt_LinfomaDifusoB_26092014.pdf
ddt,Mieloma Múltiplo,C900 C901 C902 D472,Portaria SAS/MS nº 708 - 06/08/2015 (Publicada em 07/08/2015),http://conitec.gov.br/images/Protocolos/ddt_Mieloma-Multiplo.pdf
ddt,Leucemia Linfoblástica Aguda Cromossoma Philadelphia Positivo - Adultos e Leucemia Linfoblástica Aguda Cromossoma Philadelphia Positivo - Crianças e Adolescentes,C910,Portaria SAS/MS nº 312 - 27/03/2013 (Publicada em 28/03/2013); Portaria SAS/MS nº 115 - 10/02/2012 (Publicada em 17/02/2012),http://conitec.gov.br/images/Protocolos/DDT/Tratamento_LeucemiaLinfoblasticaAguda-Adulto.pdf; http://conitec.gov.br/images/Protocolos/DDT/Tratamento_LeucemiaLinfoblasticaAguda-CriancaeAdolescente.pdf
ddt,Leucemia Mieloide Aguda - Adultos e Leucemia Mieloide Aguda - Crianças e Adolescentes,C920 C921 C923 C924 C925 C927 C930 C931 C937 C940 C942 C943,Portaria SAS/MS nº 705 - 12/08/2014 (Publicada em 13/08/2014); Portaria SAS/MS nº 840 - 08/09/2014 (Publicada em 10/09/2014),http://conitec.gov.br/images/Protocolos/DDT/LeucemiaMieloideAguda-Adulto.pdf; http://conitec.gov.br/images/Artigos_Publicacoes/ddt_LMA_CriancaseAdolescentes_10092014.pdf
ddt,Leucemia Mieloide Crônica - Adultos e Leucemia Mieloide Crônica - Crianças e Adolescentes,C921,Portaria SAS/MS nº 1.219 - 04/11/2013 (Publicada em 05/11/2013). (Retificada em 07/01/2015); Portaria SAS/MS nº 114 - 10/02/2012 (Publicada em 17/02/2012),http://conitec.gov.br/images/FichasTecnicas/PCDT_LeucemiaMieloideCr%C3%B4nicaAdulto_Retificada.pdf; http://conitec.gov.br/images/Protocolos/DDT/Tratamento_LeucemiaMieloideCronica-CriancaAdolescente.pdf
pcdt,Hemangioma Infantil,D180,Portaria Conjunta SAS/SCTIE nº 6 - 23/02/2018 (Publicada em 01/03/2018),http://conitec.gov.br/images/Protocolos/PCDT_HemangiomaInfantil.pdf
pcdt,Leimioma de útero,D250 D251 D252,Portaria Conjunta SAS/SCTIE nº 11 - 31/11/2017 (Publicada em 09/11/2017),http://conitec.gov.br/images/Protocolos/DDT/PCDT-Leiomioma_31_10_2017.pdf
pcdt,"Anemia Aplástica, Mielodisplasia e Neutropenias Constitucionais - Uso de Fatores estimulantes de Crescimento de Colônias de Neutrófilos - Neutropenia",D460 D461 D467 D610 D611 D612 D613 D618 D70 Z948,Portaria Conjunta SAS/MS nº 113 - 05/02/2016 (Publicada em 05/02/2016),http://conitec.gov.br/images/Protocolos/PCDT_Anemia_AplasticaMielodisplasiaNeutropenia-Fev2016.pdf
pcdt,Anemia por Deficiência de Ferro,D500 D508,Portaria Conjunta SAS/MS nº 1.247 - 10/11/2014 (Publicada em 11/11/2014),http://conitec.gov.br/images/Consultas/Relatorios/2014/pcdt_Anemia_DeficienciaFerro_2014.pdf
pcdt,Doença Falciforme,D570 D571 D572 D561 D568,Portaria Conjunta SAS/SCTIE nº 05 - 19/02/2018 (Publicada em 22/02/2018),http://conitec.gov.br/images/Protocolos/PCDT_DoencaFalciforme_2018.pdf
pcdt,Anemia Hemolítica Autoimune,D590 D591,Portaria Conjunta SAS/SCTIE nº 27 - 26/11/2018 (Publicada em 10/12/2018),http://conitec.gov.br/images/Protocolos/PCDT_Anemia_Hemolitica_Autoimune_2018.pdf
pcdt,Hemoglobinúria Paroxística Noturna,D595,Portaria Conjunta SAES/SCTIE nº 18 - 20/11/2019 (Publicada em 22/11/2019),http://conitec.gov.br/images/Protocolos/PCDT__HPN.pdf
pcdt,Aplasia Pura Adquirida Crônica da série vermelha,D600,Portaria Conjunta SAS/MS nº 449 - 29/04/2016 (Publicada em 02/05/2016),http://conitec.gov.br/images/Protocolos/PCDT_AplasiaPSV_29-04-2016.pdf
pcdt,Anemia Aplástica Adquirida,D611 D612 D613 D618,Portaria Conjunta SAS/MS nº 1.300 - 21/11/2013 (Publicada em 22/11/2013),https://www.saude.gov.br/images/pdf/2014/abril/02/pcdt-anemia-apl-adq-livro-2013.pdf
pcdt,Tromboembolismo Venoso em Gestantes com Trombofilia,D688 I820 I821 I822 I823 I828 O223 O225,Portaria Conjunta SAES/SCTIE nº 4 - 12/02/2020 (Publicada em 14/02/2020),http://conitec.gov.br/images/Protocolos/PCDT_TromboembolismoVenosoGestantesTrombofilia.pdf
pcdt,Púrpura Trombocitopênica Idiopática,D693,Portaria Conjunta SAS/MS nº 9 - 31/07/2019 (Publicada em 07/08/2019),http://conitec.gov.br/images/Protocolos/PCDT_PurpuraTrombocitopenicaIdiopatica.pdf
pcdt,Síndrome Hipereosinofílica com mesilato de imatinibe,D721,Portaria SAS/MS nº 783 - 29/08/2014 (Publicada em 01/09/2014),http://conitec.gov.br/images/Protocolos/Protocolo_SindromeHipereosinofilica.pdf
pcdt,Imunodeficiência Primária com predominância de defeitos de Anticorpos,D800 D801 D803 D805 D806 D807 D808 D830 D832 D838,Portaria SAS/MS nº 495 - 11/09/2007 (Publicada em 12/09/2007),http://conitec.gov.br/images/Protocolos/PCDT-ImunodeficienciaPrimaria.pdf
pcdt,Angioedema associado à deficiência de C1 esterase,D841,Portaria Conjunta SAS/MS nº 880 - 12/07/2016 (Publicada em 15/07/2016),http://conitec.gov.br/images/Protocolos/pcdt_angioedema-deficincia-C1esterase_2016.pdf
pcdt,Hipotireoidismo Congênito,E030 E031,Portaria SAS/MS nº 1.161 - 20/11/2015 (Publicada em 20/11/2015),http://conitec.gov.br/images/Protocolos/pcdt_hipotirodismo-congenito_2015.pdf
pcdt,Diabete Melito Tipo 1,E100 E101 E102 E103 E104 E105 E106 E107 E108 E109,Portaria Conjunta SAS/SCTIE nº 17 - 12/11/2019 (Publicada em 13/11/2019),http://conitec.gov.br/images/Protocolos/Portaria-Conjunta-PCDT-Diabete-Melito-1.pdf
pcdt,Hipoparatireoidismo,E200 E201 E208 E892,Portaria SAS/MS nº 450 - 29/04/2016,http://conitec.gov.br/images/Protocolos/PCDT_Hipoparatireoidismo_29-04-2016.pdf
pcdt,Acromegalia,E220,Portaria Conjunta SAS/SCTIE nº 02 - 07/01/2019 (Publicada em 14/01/2019). (Retificado em 12/04/2013) ,http://conitec.gov.br/images/Protocolos/PCDT_Acromegalia.pdf
pcdt,Hiperprolactinemia,E221,Portaria SAS/MS nº 1.160 - 20/11/2015 (Publicada em 19/11/2015),http://conitec.gov.br/images/Protocolos/pcdt_hiperprolactinemia_2015.pdf
pcdt,Puberdade Precoce Central,E228,Portaria Conjunta SAS/SCTIE nº 3 - 08/06/2017 (Publicada em 09/06/2017),http://conitec.gov.br/images/Relatorios/2017/Portaria_Conjunta_03_SAS-SVS_PCDT_Puberdade_Precoce_Central_08_06_2017.pdf
pcdt,Deficiência de Hormônio do Crescimento - Hipopituitarismo,E230,Portaria Conjunta SAS/SCTIE nº 28 - 30/11/2018 (Publicada em 14/12/2018),http://conitec.gov.br/images/Protocolos/PCDT_DeficienciadoHormoniodeCrescimento_2018.pdf
pcdt,Diabetes Insípido,E232,Portaria Conjunta SAS/SCTIE nº 02 - 10/01/2018 (Publicada em 16/01/2018),http://conitec.gov.br/images/Protocolos/PCDT_DiabeteInsipido_2018.pdf
pcdt,Hiperplasia Adrenal Congênita,E250,Portaria SAS/MS nº 16 - 15/01/2010 (Publicada em 18/01/2010),http://conitec.gov.br/images/pdf/2014/abril/02/pcdt-hiperplasia-adrenal-congenita-livro-2010.pdf
pcdt,Insuficiência Adrenal Primária,E271 E274,Portaria SAS/MS nº 1.170 - 20/11/2015 (Publicada em 20/11/2015),http://conitec.gov.br/images/Protocolos/pcdt_insuficiencia-adrenal-congenita_2015.pdf
pcdt,Síndrome de Ovários Policísticos,E282 L680,Portaria SAS/MS nº 6 - 02/07/2019 (Publicada em 11/07/2019),http://conitec.gov.br/images/Protocolos/PCDT-Sindrome-dos-Ovrios-Policsticos.pdf
pcdt,Raquitismo e Osteomalácia,E550 E559 E643 E833 M830 M831 M832 M833 M838,Portaria SAS/MS nº 451 - 29/04/2016 (Publicada em 02/05/2016),http://conitec.gov.br/images/Protocolos/PCDT_Raquitismo-e-Osteomalacia.pdf
pcdt,Fenilcetonúria,E700 E701,Portaria SAS/MS nº 12 - 10/09/2019 (Publicada em 16/09/2019),http://conitec.gov.br/images/Protocolos/Portaria-Conjunta-PCDT-Fenilcetonuria_SAES.pdf
pcdt,Homocistinúria Clássica,E721,Portaria Conjunta SAES/SCTIE nº 3 - 23/01/2020 (Publicada em 23/01/2020),http://conitec.gov.br/images/Protocolos/PCDT_HomocistinriaClassica.pdf
pcdt,Doença de Gaucher,E752,Portaria Conjunta SAS/SCTIE nº 4 - 22/06/2017 (Publicada em 23/06/2017),http://conitec.gov.br/images/Protocolos/PCDT___Doenca_de_Gaucher.pdf
pcdt,Mucopolissacaridose tipo I,E760,Portaria Conjunta SAS/SCTIE nº 12 - 11/04/2018 (Publicada em 18/04/2018),http://conitec.gov.br/images/Protocolos/MUCOPOLISSACARIDOSE-TIPO-I.pdf
pcdt,Mucopolissacaridose tipo II,E761,Portaria Conjunta SAS/SCTIE nº 16 – 24/05/2018 (Publicada em 25/05/2018),http://conitec.gov.br/images/Protocolos/PCDT_MPS-II.pdf
pcdt,Mucopolissacaridose tipo IV A e Mucopolissacaridose tipo VI,E762,Portaria Conjunta SAS/SCTIE nº 19 - 05/12/2019 (Publicada em 06/12/2019); Portaria Conjunta SAS/SCTIE nº 20 - 05/12/2019 (Publicada em 06/12/2019),http://conitec.gov.br/images/Protocolos/PCDT_MucopolissacaridoseTipoIVA.pdf; http://conitec.gov.br/images/Protocolos/PCDT_MucopolissacaridoseTipoVI.pdf
pcdt,Dislipidemia para a Prevenção de Eventos Cardiovasculares e Pancreatite,E780 E781 E782 E783 E784 E785 E786 E788,Portaria Conjunta SAS/MS nº 8 - 30/06/2019 (Publicada em 07/08/2019),http://conitec.gov.br/images/Protocolos/PCDT_Dislipidemia.pdf
pcdt,Doença de Wilson,E830,Portaria Conjunta SAS/SCTIE nº 9 – 27/03/2018 (Publicada em 09/04/2018),http://conitec.gov.br/images/Protocolos/PCDT-Doenca-Wilson_2018.pdf
pcdt,Fibrose Cística - Manifestações Pulmonares,E840 E848,Portaria Conjunta SAS/SCTIE nº 8 - 15/08/2017 (Publicada em 04/09/2017),http://conitec.gov.br/images/Protocolos/PCDT_FibroseCistica_ManifestacoesPulmonares.pdf
pcdt,Fibrose Cística - Insuficiência Pancreática,E841 E848,Portaria Conjunta SAS/SCTIE nº 8 - 15/08/2017 (Publicada em 04/09/2017),http://conitec.gov.br/images/Protocolos/PCDT_FibroseCistica_InsuficienciaPancreatica.pdf
pcdt,Polineuropatia Amiloidótica Familiar,E851,Portaria Conjunta nº 22 - 02/10/2018 (Publicada em 10/10/2018),http://conitec.gov.br/images/Protocolos/PCDT_Polineuropatia_Amiloidotica_Familiar_2018.pdf
pcdt,Deficiência de Biotinidase,E889,Portaria Conjunta SAS/SCTIE nº 13 – 04/05/2018 (Publicada em 24/05/2018),http://conitec.gov.br/images/Protocolos/PCDT_da_Deficiencia_de_Biotinidase.pdf
pcdt,Tabagismo,F171 F172 F173 T652 Z720,,http://conitec.gov.br/images/Protocolos/PCDT_Tabagismo.pdf
pcdt,Esquizofrenia,F200 F201 F202 F203 F204 F205 F206 F208,Portaria SAS/MS nº 364 - 09/04/2013 (Publicada em 07/05/2014),https://www.saude.gov.br/images/pdf/2014/abril/02/pcdt-esquizofrenia-livro-2013.pdf
pcdt,Transtorno Esquizoafetivo,F250 F251 F252,Portaria SAS/MS nº 1.203 - 04/11/2014 (Publicada em 05/11/2014),http://conitec.gov.br/images/Protocolos/TranstornoEsquizoafetivo.pdf
pcdt,Transtorno Afetivo Bipolar do tipo I,F311 F312 F313 F314 F315 F316 F317,Portaria SAS/MS Nº 315 - 30/03/2016 (Publicada em 31/03/2016),http://conitec.gov.br/images/Protocolos/PCDT_TranstornoAfetivoBipolar_TipoI.pdf
pcdt,Comportamento Agressivo no Transtorno do Espectro do Autismo,F840 F841 F843 F845 F848,Portaria SAS/MS nº 324 - 31/03/2016 (Publicada em 01/04/2016),http://conitec.gov.br/images/Protocolos/PCDT_ComportamentoAgressivo_Autismo.doc.pdf
pcdt,Espasticidade,G041 G800 G801 G802 G811 G821 G824 I690 I691 I692 I693 I694 I698 T905 T908,Portaria Conjunta SAS/SCTIE nº 2 - 29/05/2017 (Publicada em 30/05/2017),http://conitec.gov.br/images/Protocolos/Protocolo_Uso/Portaria_SAS-SCTIE_2_PCDT_Espasticidade_29_05_2017.pdf
pcdt,Atrofia Muscular Espinhal 5q Tipo 1,G120,Portaria Conjunta SAS/SCTIE nº 15 - 22/10/2019 (Publicada em 23/10/2019),http://conitec.gov.br/images/Protocolos/Portaria_Conjunta_PCDT_Atrofia_Muscular_Espinhal_5q_Tipo-I.pdf
pcdt,Esclerose Lateral Amiotrófica,G122,Portaria SAS/MS nº 1.151 - 12/11/2015 (Publicada em 12/11/2015),http://conitec.gov.br/images/Protocolos/PCDT_ELA.pdf
pcdt,Doença de Parkinson,G20,Portaria Conjunta SAS/SCTIE nº 10 - 31/11/2017 (Publicada em 09/11/2017),http://conitec.gov.br/images/Protocolos/PCDT_Doenca_de_Parkinson_2017.pdf
pcdt,Distonias focais e Espasmo Hemifacial,G243 G244 G245 G248 G513 G518,Portaria Conjunta SAS/SCTIE nº 1 - 29/05/2017 (Publicada em 30/05/2017),http://conitec.gov.br/images/Protocolos/Protocolo_Uso/Portaria_SAS-SCTIE_1_PCDT_Distonias_e_Espasmo_Hemifacial_29_05_2017.pdf
pcdt,Doença de Alzheimer,G300 G301 G308 F000 F001 F002,Portaria Conjunta SAS/SCTIE nº 13 - 08/12/2017 (Publicada em 08/12/2017),http://conitec.gov.br/images/Relatorios/2017/Recomendacao/Portaria_Conjunta_13_PCDT_Alzheimer_28_11_2017.pdf
pcdt,Esclerose Múltipla,G35,Portaria Conjunta SAS/SCTIE nº 7 - 03/07/2019 (Publicada em 11/07/2019),http://conitec.gov.br/images/Protocolos/PCDT-Esclerose-Mltipla.pdf
pcdt,Epilepsia,G400 G401 G402 G403 G404 G405 G406 G407 G408,Portaria Conjunta SAS/SCTIE nº 17 - 27/06/2018 (Publicada em 27/06/2018),http://conitec.gov.br/images/Protocolos/PCDT_Epilepisia_2019.pdf
pcdt,Síndrome de Guillain-Barré,G610,Portaria SAS/MS n° 1.171 - 19/11/2015 (Publicada em 20/11/2015),http://conitec.gov.br/images/Protocolos/pcdt_guilain-barre_2015.pdf
pcdt,Miastenia Gravis,G700,Portaria SAS/MS nº 1.169 - 19/11/2015 (Publicada em 20/11/2015),http://conitec.gov.br/images/Protocolos/pcdt_miastenia-gravis_2015.pdf
pcdt,Uveítes Não-Infecciosas,H301 H302 H308 H201 H150,Portaria SAS/MS n° 13 - 11/09/2019 (Publicada em 16/09/2019),http://conitec.gov.br/images/Protocolos/Portaria-Conjunta-PCDT-Uveites_SAES.pdf
pcdt,Degeneração Macular Relacionada com a Idade (forma neovascular),H353,Portaria Conjunta SAS/SCTIE nº 18 – 19/11/2018 (Publicada em 19/11/2018),http://conitec.gov.br/images/Protocolos/PCDT-DMRI.pdf
pcdt,Glaucoma,H401 H402 H403 H404 H405 H406 H408 Q150,Portaria Conjunta SAS/SCTIE nº 11 - 02/04/2018 (Publicada em 09/04/2018),http://conitec.gov.br/images/Relatorios/Portaria/2018/SITE_Portaria-Conjunta-n-11_PCDT_Glaucoma_02_04_2018.pdf
pcdt,Hipertensão Arterial Pulmonar,I270 I272 I278,Portaria SAS/MS nº 35 - 16/01/2014 (Publicada em 17/01/2014). (Republicado em 06/06/2014 e 23/09/2014),http://conitec.gov.br/images/Protocolos/HAP.pdf
pcdt,Acidente Vascular Cerebral (AVC) - Trombólise no Acidente Vascular Cerebral Isquêmico Agudo,I630 I631 I632 I633 I634 I635 I636 I638 I639 I650 I651 I652 I653 I658 I659 I660 I661,Portaria GM/MS nº 664 - 12/04/2012 (Publicada em 13/04/2012),http://conitec.gov.br/images/Protocolos/Tromb--lise-no-Acidente-Vascular-Cerebral-Isqu--mico-Agudo.pdf
pcdt,Doença Pulmonar Obstrutiva Crônica (Retificado em 14/06/2013 e 10/06/2014),J440 J441 J448,Portaria SAS/MS nº 609 - 06/06/2013 (Publicada em 06/06/2013),https://www.saude.gov.br/images/pdf/2014/junho/13/Portaria-609-de-2013.pdf
pcdt,Asma (Alterado pela Portaria SAS/MS nº 603 - 21/07/2014),J450 J451 J458,Portaria Conjunta SAS/MS nº 1.317 - 25/11/2013 (Publicada em 27/11/2013),https://portalarquivos2.saude.gov.br/images/pdf/2014/julho/22/PT-SAS-N---1317-alterado-pela-603-de-21-de-julho-de-2014.pdf
pcdt,Doença de Crohn,K500 K501 K508,Portaria Conjunta SAS/SCTIE nº 14 - 28/11/2017 (Publicada em 08/12/2017),http://conitec.gov.br/images/Protocolos/Portaria_Conjunta_14_PCDT_Doenca_de_Crohn_28_11_2017.pdf
pcdt,Retocolite Ulcerativa,K510 K512 K513 K515 K518,Portaria Conjunta SAES/SCTIE/MS nº 06 - 26/03/2020 (Publicada em 01/04/2020),http://conitec.gov.br/images/Protocolos/PCDT_Retocolite_Ulcerativa_2020.pdf
pcdt,Colangite Biliar Primária,K743,Portaria SAS/MS nº 11 - 09/09/2019 (Publicada em 16/09/2019),http://conitec.gov.br/images/Protocolos/Portaria-Conjunta-PCDT-Colangite-Biliar-SAES.pdf
pcdt,Hepatite Autoimune,K754,Portaria Conjunta SAS/SCTIE nº 14 - 09/05/2018 (Publicada em 09/05/2018),http://conitec.gov.br/images/Relatorios/Portaria/2018/Portaria_Hepatite_Autoimune.pdf
pcdt,Insuficiência Pancreática Exócrina,K860 K861 K903,Portaria SAS/MS nº 112 - 05/02/2016 (Publicada em 05/02/2016),http://conitec.gov.br/images/Protocolos/PCDT_InsuficienciaPancreaticaExocrina-Fev2016.pdf
pcdt,Doença Celíaca,K900,Portaria SAS/MS nº 1.149 - 12/11/2015 (Publicada em 12/11/2015),http://conitec.gov.br/images/Protocolos/PCDT_DoencaCeliaca.pdf
pcdt,Psoríase,L400 L401 L404 L408,Portaria SCTIE/SAS/MS nº 10 - 06/07/2019 (Publicada em 11/09/2019),http://conitec.gov.br/images/Protocolos/Diretrizes/Portaria_SAES_SCTIE_10_2019.pdf
pcdt,Hidradenite Supurativa,L732,Portaria SCTIE/SAS/MS nº 14/2019 - 11/09/2019 (Publicada em 16/09/2019),http://conitec.gov.br/images/Protocolos/Site-de-Portaria-Conjunta-14_PCDTHidradernite-Supurativa.pdf
pcdt,Lúpus Eritematoso Sistêmico,L930 L931 M321 M328,Portaria GM/MS nº 100 - 07/02/2013 (Publicada em 08/02/2013). (Retificada em 22/03/2013),http://conitec.gov.br/images/Protocolos/LupusEritematoso_Sistemico.pdf
pcdt,Artrite Reativa,M023,Portaria Conjunta SAS/MS nº 1.150 - 12/11/2015 (Publicada em 12/11/2015),http://conitec.gov.br/images/Protocolos/PCDT_ArtriteReativa.pdf
pcdt,Artrite Reumatoide e Artrite Idiopática Juvenil (AIJ),M050 M051 M052 M053 M058 M060 M068 M080 M081 M082 M083 M084 M088 M089,Portaria Conjunta SAES/SCTIE nº 05 - 16/03/2020 (Republicada em 20/03/2020),http://conitec.gov.br/images/Protocolos/PortariaConjunta_05_PCDT_ArtriteReumatoideJuvenil_2020.pdf
pcdt,Artrite Psoríaca,M070 M072 M073,Portaria Conjunta SAS/SCTIE nº 26 - 24/10/2018 (Publicada em 24/10/2018). Retificada em (05/11/2018),http://conitec.gov.br/images/Protocolos/MINUTA-Artrite-Psoriaca_publicadafevrereiro.2019.pdf
pcdt,Dermatomiosite e Polimiosite,M330 M331 M332,Portaria SAS/MS nº 1.692 - de 22/11/2016 (Publicada em 25/11/2016),http://conitec.gov.br/images/Protocolos/PCDT_Dermatomiosite_Polimiosite.pdf
pcdt,Esclerose Sistêmica,M340 M341 M348,Portaria Conjunta SAS/SCTIE nº 9 - 28/08/2017 (Publicada em 04/09/2017),http://conitec.gov.br/images/Protocolos/PCDT-Esclerose-Sistemica.05-09-2017.pdf
pcdt,Espondilite Ancilosante,M45 M468,Portaria Conjunta SAS/SCTIE nº 25 - 22/10/2018 (Publicada em 26/10/2018),http://conitec.gov.br/images/Protocolos/PCDT_EspondiliteAncilosante.pdf
pcdt,Espondilose,M471 M472 M478,Portaria SAS/MS nº 1.309 - 22/11/2013 (Publicada em 25/11/2013),https://www.saude.gov.br/images/pdf/2014/abril/02/pcdt-espondilose-livro-2013.pdf
pcdt,Osteoporose,M800 M801 M802 M803 M804 M805 M808 M810 M811 M812 M813 M814 M815 M816 M818 M820 M821 M828,Portaria SAS/MS nº 451 – 09/06/2014 (Publicada em 10/06/2014). (Retificada em 18/06/2014),http://conitec.gov.br/images/Protocolos/Osteoporose.pdf
pcdt,Doença de Paget,M880 M888,Portaria Conjunta SAES/SCTIE nº 2 - 23/01/2020 (Publicada em 23/01/2020),http://conitec.gov.br/images/Protocolos/PCDT_DoencaPAGET.pdf
pcdt,Síndrome Nefrótica Primária em Crianças e Adolescentes e Síndrome Nefrótica Primária em Adultos,N040 N041 N042 N043 N044 N045 N046 N047 N048 N049,Portaria Conjunta SAS/SCTIE nº 01 - 10/01/2018 (Publicada em 16/01/2018); Portaria Conjunta SAES/SCTIE nº 8 - 14/04/2020 (republicada em 16/04/2020),http://conitec.gov.br/images/Protocolos/PCDT_SindromeNefroticaPrimaria_CriancasAdolescentes.pdf; http://conitec.gov.br/images/Protocolos/PCDT_SindromeNefroticaPrimariaAdulto.pdf
pcdt,Distúrbio Mineral Ósseo na Doença Renal Crônica e Osteodistrofia Renal (Substituido pelo PCDT Distúrbio Mineral Ósseo),N180 E833 N250,Portaria Conjunta SAS/SCTIE nº 801 - 25/04/2017 (Publicada em 25/04/2017); Portaria SAS/MS nº 801 - 25/04/2017 (Publicada em 27/04/2017),http://conitec.gov.br/images/Protocolos/PCDT_DisturbioMineralOsseo.pdf; http://conitec.gov.br/images/Protocolos/PCDT_DisturbioMineralOsseo.pdf
pcdt,Anemia em pacientes com Insuficiência Renal Crônica - Alfaepoetina e Anemia em pacientes com Insuficiência Renal Crônica - Reposição de Ferro,N180 N188,Portaria Conjunta SAS/MS nº 365 - 15/02/2017 (Publicada em 15/02/2017); Portaria Conjunta SAS/MS nº 365 - 15/02/2017 (Publicada em 15/02/2017),http://conitec.gov.br/images/Protocolos/PCDT_Anemia_DoencaRenalCronica.pdf; http://conitec.gov.br/images/Protocolos/PCDT_IRC_Ferro.pdf
pcdt,Endometriose,N800 N801 N802 N803 N804 N805 N808,Portaria SAS/MS nº 879 - 12/07/2016 (Publicada 15/07/2016),http://conitec.gov.br/images/Protocolos/pcdt_endometriose_2016.pdf
pcdt,Osteogênese Imperfeita,Q780,Portaria SAS/MS nº 1.306 - 22/11/2013 (Publicada em 25/11/2013),https://www.saude.gov.br/images/pdf/2014/abril/03/pcdt-osteogenese-imperfeita-livro-2013.pdf
pcdt,Ictioses Hereditárias,Q800 Q801 Q802 Q803 Q808,Portaria SAS/MS nº 1.162 - 20/11/2015 (Publicada em 20/11/2015),http://conitec.gov.br/images/Protocolos/pcdt_ictioses-hereditarias_2015.pdf
pcdt,Síndrome de Turner,Q960 Q961 Q962 Q963 Q964 Q968,Portaria Conjunta SAS/SCTIE nº 15 – 09/05/2018 (Publicada em 24/05/2018),http://conitec.gov.br/images/Protocolos/PCDT_Sindrome_de_Turner.pdf
pcdt,Incontinência Urinária não Neurogênica,R32 N393 N394,Portaria Conjunta SAES/SCTIE nº 01 - 09/01/2020 (Publicada em 13/01/2020),http://conitec.gov.br/images/Protocolos/Portaria-Conjunta-PCDT-Incontinencia-Urinaria-NN-13.01.2020.pdf
pcdt,Dor Crônica,R521 R522,Portaria SAS/MS nº 1.083 - 02/10/2012 (Publicada em 03/10/2012),http://conitec.gov.br/images/Protocolos/DorCronica.pdf
pcdt,Sobrecarga de Ferro,T454 E831,Portaria Conjunta SAS/SCTIE nº 7 - 23/02/2018 (Publicada em 01/03/2018),http://conitec.gov.br/images/Protocolos/PCDT_Sobrecarga_Ferro.pdf
pcdt,Imunossupressão no Transplante Renal (Republicado em 14/08/2014),Z940 T861,Portaria SAS/MS nº 712 - 13/08/2014 (Publicada em 14/08/2014),http://conitec.gov.br/images/Protocolos/PCDT_Imunossupressao_no_Transplante_Renal.pdf
pcdt,Imunossupressão no Transplante Hepático em Adulto e Imunossupressão no Transplante Hepático em Pediatria,Z944 T864,Portaria Conjunta SAS/SCTIE nº 5 - 22/06/2017 (Publicada em 27/06/2017); Portaria Conjunta SAS/SCTIE nº 4 - 10/01/2019 (Publicada em 14/01/2019),http://conitec.gov.br/images/PCDT_Imunossupressao-pos-transplante-hepatico.pdf; http://conitec.gov.br/images/Protocolos/PCDT_ImunossupressonoTransplantehepaticoempediatria.pdf