co_sigtap,no_sigtap,sg_procedimento
0601010019,0601010019 ADALIMUMABE (A) 40 MG INJETAVEL- SERINGA PREENCHIDA (POR TRATAMENTO MENSAL),ADALI40
0601010027,0601010027 ETANERCEPTE (A)25 MG INJETAVEL -FRASCO-AMPOLA (POR TRATAMENTO MENSAL),ETANE25
0601010035,0601010035 INFLIXIMABE (A)10 MG/ML 10 ML INJETAVEL (FRASCO-AMPOLA- POR TRATAMENTO MENSAL),INFLI10
0601010043,0601010043 INFLIXIMABE 10 MG/ML INJETAVEL (POR FRASCO-AMPOLA 10 ML),INFLI10
0601010051,0601010051 ETANERCEPTE 50MG INJETAVEL- FRASCO AMPOLA (POR TRATAMENTO MENSAL),ETANE50
0601020014,0601020014 RILUZOL 50 MG (POR COMPRIMIDO),RILUZ50
0601030010,0601030010 HIDROXIUREIA 500 MG (POR CAPSULA),HIDRO500
0601030028,0601030028 SACARATO DE HIDROXIDO FERRICO 100 MG INJETAVEL (POR FRASCO DE 5 ML),SACAR100
0601040015,0601040015 ALFAEPOETINA 1.000 UI INJETAVEL (POR FRASCO-AMPOLA),ALFAE1
0601040023,0601040023 ALFAEPOETINA 10.000 UI INJETAVEL (POR FRASCO-AMPOLA),ALFAE10
0601040031,0601040031 ALFAEPOETINA 2.000 UI INJETAVEL (POR FRASCO-AMPOLA),ALFAE2
0601040040,0601040040 ALFAEPOETINA 3.000 UI INJETAVEL (POR FRASCO-AMPOLA),ALFAE3
0601040058,0601040058 ALFAEPOETINA 4.000 UI INJETAVEL (POR FRASCO-AMPOLA),ALFAE4
0601050010,0601050010 BECLOMETASONA (C) 200 MCG (POR CAPSULA INALANTE),BECLO200
0601050029,0601050029 BECLOMETASONA (C) 200 MCG PO INALANTE (POR FRASCO DE 100 DOSES),BECLO200
0601050037,0601050037 BECLOMETASONA (C) 250 MCG SPRAY (POR FRASCO DE 200 DOSES),BECLO250
0601050045,0601050045 BECLOMETASONA (C) 400 MCG (POR CAPSULA INALANTE),BECLO400
0601050053,0601050053 BECLOMETASONA (C) 400 MCG PO INALANTE (POR FRASCO DE 100 DOSES),BECLO400
0601050061,0601050061 BUDESONIDA (C) 200 MCG (POR CAPSULA INALANTE),BUDES200
0601050070,0601050070 BUDESONIDA (C) 200 MCG PO INALANTE OU AEROSSOL BUCAL (POR FRASCO C/ 100 DOSES),BUDES200
0601050088,0601050088 FENOTEROL (B) 200 MCG AEROSSOL (POR FRASCO DE 300 DOSES),FENOT200
0601050096,0601050096 FORMOTEROL (D) 12 MCG (POR CAPSULA INALANTE),FORMO12
0601050100,0601050100 FORMOTEROL (D) 12 MCG PO INALANTE (POR FRASCO DE 60 DOSES),FORMO12
0601050118,0601050118 FORMOTEROL 12 MCG + BUDESONIDA 400 MCG (POR CAPSULA INALANTE),FORMO12
0601050126,0601050126 FORMOTEROL 12 MCG + BUDESONIDA 400 MCG PO INALANTE (POR FRASCO DE 60 DOSES),FORMO12
0601050134,0601050134 FORMOTEROL 6 MCG + BUDESONIDA 200 MCG PO INALANTE (POR FRASCO DE 60 DOSES),FORMO6
0601050142,0601050142 FORMOTEROL 6MCG + BUDESONIDA 200 MCG (POR CAPSULA INALANTE),FORMO6
0601050150,0601050150 SALBUTAMOL (B)100 MCG AEROSSOL (POR FRASCO DE 200 DOSES),SALBU100
0601050169,0601050169 SALMETEROL (D) 50 MCG PO INALANTE OU AEROSSOL BUCAL (POR FRASCO DE 60 DOSES),SALME50
0601060016,0601060016 CIPROFLOXACINA 250 MG (POR COMPRIMIDO),CIPRO250
0601060024,0601060024 CIPROFLOXACINA 500 MG (POR COMPRIMIDO),CIPRO500
0601070011,0601070011 GABAPENTINA 300 MG (POR CAPSULA),GABAP300
0601070020,0601070020 GABAPENTINA 400 MG (POR CAPSULA),GABAP400
0601070038,0601070038 LAMOTRIGINA 100 MG (POR COMPRIMIDO),LAMOT100
0601070046,0601070046 LAMOTRIGINA 25 MG (POR COMPRIMIDO),LAMOT25
0601070054,0601070054 TOPIRAMATO 100 MG (POR COMPRIMIDO),TOPIR100
0601070062,0601070062 TOPIRAMATO 25 MG (POR COMPRIMIDO),TOPIR25
0601070070,0601070070 TOPIRAMATO 50 MG (POR COMPRIMIDO),TOPIR50
0601070089,0601070089 VIGABATRINA 500 MG (POR COMPRIMIDO),VIGAB500
0601080017,0601080017 CLOROQUINA (E) 150 MG (POR COMPRIMIDO),CLORO150
0601080025,0601080025 HIDROXICLOROQUINA (E) 400 MG (POR COMPRIMIDO),HIDRO400
0601080033,0601080033 METILPREDNISOLONA 500 MG INJETAVEL (POR AMPOLA),METIL500
0601090012,0601090012 MESALAZINA 1 G + DILUENTE 100 ML (ENEMA) -POR DOSE,MESAL1
0601090020,0601090020 MESALAZINA 1000 MG (POR SUPOSITORIO),MESAL1000
0601090039,0601090039 MESALAZINA 250 MG (POR SUPOSITORIO),MESAL250
0601090047,0601090047 MESALAZINA 3 G + DILUENTE 100 ML (ENEMA) - POR DOSE,MESAL3
0601090055,0601090055 MESALAZINA 400 MG (POR COMPRIMIDO),MESAL400
0601090063,0601090063 MESALAZINA 500 MG (POR COMPRIMIDO),MESAL500
0601090080,0601090080 MESALAZINA 800 MG - POR COMPRIMIDO,MESAL800
0601090098,0601090098 SULFASSALAZINA 500 MG (POR COMPRIMIDO),SULFA500
0601090101,0601090101 MESALAZINA 500 MG (POR SUPOSITORIO),MESAL500
0601100018,0601100018 AMANTADINA 100 MG (POR COMPRIMIDO),AMANT100
0601100026,0601100026 BIPERIDENO 2 MG (POR COMPRIMIDO),BIPER2
0601100034,0601100034 BIPERIDENO 4 MG (POR COMPRIMIDO),BIPER4
0601100042,0601100042 ENTACAPONA (F) 200 MG (POR COMPRIMIDO),ENTAC200
0601100050,0601100050 LEVODOPA 100 MG + BENSERAZIDA 25 MG (POR CAPSULA OU COMPRIMIDO),LEVOD100
0601100069,0601100069 LEVODOPA 200 MG + BENSERAZIDA 50 MG (POR COMPRIMIDO),LEVOD200
0601100077,0601100077 LEVODOPA 200 MG + CARBIDOPA 50 MG (POR CAPSULA OU COMPRIMIDO),LEVOD200
0601100085,0601100085 LEVODOPA 250MG + CARBIDOPA 25 MG (POR COMPRIMIDO),LEVOD250
0601100093,"0601100093 PRAMIPEXOL 0,125 MG (POR COMPRIMIDO)",PRAMI0
0601100107,"0601100107 PRAMIPEXOL 0,25 MG (POR COMPRIMIDO)",PRAMI0
0601100115,0601100115 PRAMIPEXOL 1 MG (POR COMPRIMIDO),PRAMI1
0601100123,0601100123 SELEGILINA 10 MG (POR COMPRIMIDO),SELEG10
0601100131,0601100131 SELEGILINA 5 MG (POR COMPRIMIDO),SELEG5
0601100140,0601100140 TOLCAPONA (F) 100 MG (POR COMPRIMIDO),TOLCA100
0601100158,0601100158 TOLCAPONA (F) 200 MG (POR COMPRIMIDO),TOLCA200
0601100166,0601100166 TRIEXIFENIDILA 5 MG (POR COMPRIMIDO),TRIEX5
0601110013,0601110013 CLOZAPINA 100 MG (POR COMPRIMIDO),CLOZA100
0601110021,0601110021 CLOZAPINA 25 MG (POR COMPRIMIDO),CLOZA25
0601110030,0601110030 OLANZAPINA (G) 10 MG (POR COMPRIMIDO),OLANZ10
0601110048,0601110048 OLANZAPINA (G) 5 MG (POR COMPRIMIDO),OLANZ5
0601110056,0601110056 QUETIAPINA (G) 100 MG (POR COMPRIMIDO),QUETI100
0601110064,0601110064 QUETIAPINA (G) 25 MG (POR COMPRIMIDO),QUETI25
0601110072,0601110072 QUETIAPINA (G) 200 MG (POR COMPRIMIDO),QUETI200
0601110080,0601110080 RISPERIDONA 1 MG (POR COMPRIMIDO),RISPE1
0601110099,0601110099 RISPERIDONA 2 MG (POR COMPRIMIDO),RISPE2
0601110102,0601110102 ZIPRASIDONA (G) 80 MG (POR CAPSULA),ZIPRA80
0601110110,0601110110 ZIPRASIDONA (G) 40 MG (POR CAPSULA),ZIPRA40
0601120019,0601120019 LAMIVUDINA 10 MG/ML SOLUCAO ORAL (FRASCO DE 240 ML),LAMIV10
0601120027,0601120027 LAMIVUDINA 150 MG (POR COMPRIMIDO),LAMIV150
0601120035,0601120035 RIBAVIRINA 250 MG (POR CAPSULA),RIBAV250
0601120051,0601120051 ADEFOVIR 10MG (POR COMPRIMIDO),ADEFO10
0601120060,"0601120060 ENTECAVIR 0,5 MG (POR COMPRIMIDO)",ENTEC0
0601120078,0601120078 TENOFOVIR 300 MG (1000MG),TENOF300
0601130014,0601130014 TOXINA BOTULINICA TIPO A (H) 100 UI INJETAVEL (POR FRASCO-AMPOLA),TOXIN100
0601130022,0601130022 TOXINA BOTULINICA TIPO A (H) 500 UI INJETAVEL (POR FRASCO-AMPOLA),TOXIN500
0601140010,0601140010 ACITRETINA 10 MG (POR CAPSULA),ACITR10
0601140028,0601140028 ACITRETINA 25 MG (POR CAPSULA),ACITR25
0601140036,0601140036 ISOTRETINOINA 10 MG (POR CAPSULA),ISOTR10
0601140044,0601140044 ISOTRETINOINA 20 MG (POR CAPSULA),ISOTR20
0601150015,0601150015 COMPLEMENTO ALIMENTAR P/ PACIENTE FENILCETONURICO MAIOR DE 1 ANO - FORMULA DE AMINO-ACIDOS ISENTA DE,COMPL1
0601150023,0601150023 COMPLEMENTO ALIMENTAR P/ PACIENTE FENILCETONURICO MENOR DE 1 ANO - FORMULA DE AMINO-ACIDOS ISENTA DE,COMPL1
0601160010,0601160010 FILGRASTIM (I) 300 MCG INJETAVEL (POR FRASCO),FILGR300
0601160037,0601160037 MOLGRAMOSTIM (I) 300 MCG INJETAVEL (POR FRASCO),MOLGR300
0601170016,0601170016 CODEINA 3 MG/ML SOLUCAO ORAL (POR FRASCO DE 120 ML),CODEI3
0601170024,0601170024 CODEINA 30 MG (POR COMPRIMIDO),CODEI30
0601170032,0601170032 CODEINA 30 MG/ML (POR AMPOLA DE 2 ML),CODEI30
0601170040,0601170040 CODEINA 60 MG (POR COMPRIMIDO),CODEI60
0601170059,0601170059 METADONA 10 MG (POR COMPRIMIDO),METAD10
0601170067,0601170067 METADONA 10 MG/ML INJETAVEL (POR AMPOLA DE 1 ML),METAD10
0601170075,0601170075 METADONA 5 MG (POR COMPRIMIDO),METAD5
0601170083,0601170083 MORFINA DE LIBERACAO CONTROLADA 100 MG (POR CAPSULA),MORFI100
0601170091,0601170091 MORFINA DE LIBERACAO CONTROLADA 60 MG (POR CAPSULA),MORFI60
0601170105,0601170105 MORFINA 10 MG (POR COMPRIMIDO),MORFI10
0601170113,0601170113 MORFINA 10 MG/ML (POR AMPOLA DE 1 ML),MORFI10
0601170121,0601170121 MORFINA 10 MG/ML SOLUCAO ORAL (POR FRASCO DE 60 ML),MORFI10
0601170130,0601170130 MORFINA 30 MG (POR COMPRIMIDO),MORFI30
0601170148,0601170148 MORFINA DE LIBERACAO CONTROLADA 30 MG (POR CAPSULA),MORFI30
0601180011,0601180011 ATORVASTATINA (J) 10 MG (POR COMPRIMIDO),ATORV10
0601180020,0601180020 ATORVASTATINA (J) 20 MG (POR COMPRIMIDO),ATORV20
0601180038,0601180038 BEZAFIBRATO (K) 200 MG (POR DRAGEA),BEZAF200
0601180046,0601180046 BEZAFIBRATO (K) 400 MG (POR DRAGEA),BEZAF400
0601180054,0601180054 CIPROFIBRATO (K) 100 MG (POR COMPRIMIDO),CIPRO100
0601180062,0601180062 ETOFIBRATO (K) 500 MG (POR CAPSULA),ETOFI500
0601180070,0601180070 FENOFIBRATO (K) 200 MG (POR CAPSULA),FENOF200
0601180089,0601180089 FENOFIBRATO (K) 250 MG LIBERACAO RETARDADA (POR CAPSULA),FENOF250
0601180097,0601180097 FLUVASTATINA (J) 20 MG (POR CAPSULA),FLUVA20
0601180100,0601180100 FLUVASTATINA (J) 40 MG (POR CAPSULA),FLUVA40
0601180119,0601180119 GENFIBROZILA (K) 600 MG (POR CAPSULA OU COMPRIMIDO),GENFI600
0601180127,0601180127 GENFIBROZILA (K) 900 MG (POR COMPRIMIDO),GENFI900
0601180135,0601180135 LOVASTATINA (J) 10 MG (POR COMPRIMIDO),LOVAS10
0601180143,0601180143 LOVASTATINA (J) 20 MG (POR COMPRIMIDO),LOVAS20
0601180151,0601180151 LOVASTATINA (J) 40 MG (POR COMPRIMIDO),LOVAS40
0601180160,0601180160 PRAVASTATINA (J) 10 MG (POR COMPRIMIDO),PRAVA10
0601180178,0601180178 PRAVASTATINA (J) 20MG (POR COMPRIMIDO),PRAVA20
0601180186,0601180186 PRAVASTATINA (J) 40 MG (POR COMPRIMIDO),PRAVA40
0601180194,0601180194 SINVASTATINA (J) 10 MG (POR COMPRIMIDO),SINVA10
0601180208,0601180208 SINVASTATINA (J) 20 MG (POR COMPRIMIDO),SINVA20
0601180216,0601180216 SINVASTATINA (J) 40 MG (POR COMPRIMIDO),SINVA40
0601180224,0601180224 SINVASTATINA (J) 5 MG (POR COMPRIMIDO),SINVA5
0601180232,0601180232 SINVASTATINA (J) 80 MG (POR COMPRIMIDO),SINVA80
0601190017,0601190017 ALFAINTERFERONA 2B 10.000.000 UI INJETAVEL (POR FRASCO-AMPOLA),ALFAI2
0601190025,0601190025 ALFAINTERFERONA 2B 3.000.000 UI INJETAVEL (POR FRASCO-AMPOLA),ALFAI2
0601190033,0601190033 ALFAINTERFERONA 2B 5.000.000 UI INJETAVEL (POR FRASCO-AMPOLA),ALFAI2
0601190041,0601190041 ALFAPEGINTERFERON 2B 80MCG POR FRASCO AMPOLA,ALFAP2
0601190050,0601190050 ALFAPEGINTERFERON 2A 180MCG POR SERINGA PREENCHIDA,ALFAP2
0601190068,0601190068 BETAINTERFERONA (L) 1A 12.000.000 UI (44 MCG) INJETAVEL (POR SERINGA PREENCHIDA),BETAI1
0601190076,0601190076 BETAINTERFERONA (L) 1A 6.000.000 UI (22 MCG) INJETAVEL (POR SERINGA PREENCHIDA),BETAI1
0601190084,0601190084 BETAINTERFERONA (L) 1A 6.000.000 UI (30 MCG) INJETAVEL (POR FRASCO-AMPOLA OU SERINGA PREENCHIDA),BETAI1
0601190092,0601190092 BETAINTERFERONA (L) 1B 9.600.000 UI (300MCG) INJETAVEL (POR FRASCO-AMPOLA),BETAI1
0601190106,0601190106 GLATIRAMER 20 MG INJETAVEL (POR FRASCO-AMPOLA OU SERINGA PREENCHIDA),GLATI20
0601190114,0601190114 ALFAPEGINTERFERON 2B 100MCG POR FRASCO-AMPOLA,ALFAP2
0601190122,0601190122 ALFAPEGINTERFERON 2B 120MCG POR FRASCO-AMPOLA,ALFAP2
0601200012,0601200012 AZATIOPRINA 50 MG (POR COMPRIMIDO),AZATI50
0601200020,0601200020 CICLOSPORINA 10 MG (POR CAPSULA),CICLO10
0601200039,0601200039 CICLOSPORINA 100 MG (POR CAPSULA),CICLO100
0601200047,0601200047 CICLOSPORINA 100 MG/ML SOLUCAO ORAL (POR FRASCO DE 50 ML),CICLO100
0601200055,0601200055 CICLOSPORINA 25 MG (POR CAPSULA),CICLO25
0601200063,0601200063 CICLOSPORINA 50 MG (POR CAPSULA),CICLO50
0601200071,0601200071 LEFLUNOMIDA 20 MG (POR COMPRIMIDO),LEFLU20
0601200080,0601200080 METOTREXATO 25 MG/ML INJETAVEL (POR AMPOLA DE 2 ML),METOT25
0601200098,0601200098 METOTREXATO 25 MG/ML INJETAVEL (POR AMPOLA DE 20 ML),METOT25
0601200101,0601200101 MICOFENOLATO DE MOFETILA (M) 500 MG (POR COMPRIMIDO),MICOF500
0601200110,0601200110 MICOFENOLATO DE SODIO (M) 180 MG (POR COMPRIMIDO),MICOF180
0601200128,0601200128 MICOFENOLATO DE SODIO (M) 360 MG (POR COMPRIMIDO),MICOF360
0601200136,0601200136 SIROLIMO 1 MG (POR DRAGEA),SIROL1
0601200144,0601200144 SIROLIMO 1MG/ML SOLUCAO ORAL (POR FRASCO DE 60ML),SIROL1
0601200152,0601200152 SIROLIMO 2 MG (POR DRAGEA),SIROL2
0601200160,0601200160 TACROLIMO 1 MG (POR CAPSULA),TACRO1
0601200179,0601200179 TACROLIMO 5 MG (POR CAPSULA),TACRO5
0601200187,0601200187 CICLOFOSFAMIDA 50 MG (POR DRAGEA),CICLO50
0601200195,"0601200195 EVEROLIMO 0,5 MG (POR COMPRIMIDO)",EVERO0
0601200209,0601200209 EVEROLIMO 1 MG (POR COMPRIMIDO),EVERO1
0601210018,0601210018 IMUNOGLOBULINA ANTI-HEPATITE B 100 UI INJETAVEL (POR FRASCO),IMUNO100
0601210026,0601210026 IMUNOGLOBULINA ANTI-HEPATITE B 1000 UI INJETAVEL (POR FRASCO),IMUNO1000
0601210034,0601210034 IMUNOGLOBULINA ANTI-HEPATITE B 500 UI INJETAVEL (POR FRASCO),IMUNO500
0601210042,"0601210042 IMUNOGLOBULINA HUMANA 0,5 G INJETAVEL (POR FRASCO)",IMUNO0
0601210050,"0601210050 IMUNOGLOBULINA HUMANA 1,0 G INJETAVEL (POR FRASCO)",IMUNO1
0601210069,"0601210069 IMUNOGLOBULINA HUMANA 2,5 G INJETAVEL (POR FRASCO)",IMUNO2
0601210077,"0601210077 IMUNOGLOBULINA HUMANA 3,0 G INJETAVEL (POR FRASCO)",IMUNO3
0601210085,"0601210085 IMUNOGLOBULINA HUMANA 5,0 G INJETAVEL (POR FRASCO)",IMUNO5
0601210093,"0601210093 IMUNOGLOBULINA HUMANA 6,0 G INJETAVEL (POR FRASCO)",IMUNO6
0601220013,0601220013 DONEPEZILA (N) 10MG (POR COMPRIMIDO),DONEP10
0601220021,0601220021 DONEPEZILA (N) 5 MG (POR COMPRIMIDO),DONEP5
0601220030,"0601220030 RIVASTIGMINA (N) 1,5 MG (POR CAPSULA)",RIVAS1
0601220048,"0601220048 RIVASTIGMINA (N) 2,0 MG/ML SOLUCAO ORAL (POR FRASCO DE 120ML)",RIVAS2
0601220056,0601220056 RIVASTIGMINA (N) 3 MG (POR CAPSULA),RIVAS3
0601220064,"0601220064 RIVASTIGMINA (N) 4,5 MG (POR CAPSULA)",RIVAS4
0601220072,0601220072 RIVASTIGMINA (N) 6 MG (POR CAPSULA),RIVAS6
0601220080,0601220080 GALANTAMINA (N) 8 MG (POR CAPSULA),GALAN8
0601220099,0601220099 GALANTAMINA (N) 16 MG (POR CAPSULA),GALAN16
0601220102,0601220102 GALANTAMINA (N) 24MG (POR CAPSULA),GALAN24
0601230019,"0601230019 ALFADORNASE 2,5 MG (POR AMPOLA)",ALFAD2
0601240014,0601240014 DEFERIPRONA 500 MG (POR COMPRIMIDO),DEFER500
0601240022,0601240022 DESFERROXAMINA 500 MG INJETAVEL (POR FRASCO- AMPOLA),DESFE500
0601240030,0601240030 DEFERASIROX 125 MG (POR COMPRIMIDO),DEFER125
0601240049,0601240049 DEFERASIROX 250 MG (POR COMPRIMIDO),DEFER250
0601240057,0601240057 DEFERASIROX 500 MG (POR COMPRIMIDO),DEFER500
0601250010,0601250010 PENICILAMINA 250 MG (POR CAPSULA),PENIC250
0601250028,0601250028 SEVELAMER 400 MG (POR COMPRIMIDO),SEVEL400
0601250036,0601250036 SEVELAMER 800 MG (POR COMPRIMIDO),SEVEL800
0601260015,"0601260015 DESMOPRESSINA 0,1 MG/ML APLICACAO NASAL (POR FRASCO DE 2,5 ML)",DESMO0
0601270010,"0601270010 GOSSERELINA (O) 3,60 MG INJETAVEL (POR SERINGA PREENCHIDA)",GOSSE3
0601270029,"0601270029 GOSSERRELINA (P) 10,80 MG INJETAVEL (POR SERINGA PREENCHIDA)",GOSSE10
0601270037,"0601270037 LEUPRORRELINA (O) 3,75 MG INJETAVEL ( POR FRASCO AMPOLA)",LEUPR3
0601270045,"0601270045 LEUPRORRELINA (P) 11,25 MG INJETAVEL (POR SERINGA PREENCHIDA)",LEUPR11
0601270053,"0601270053 TRIPTORRELINA (O) 3,75 MG INJETAVEL (POR FRASCO-AMPOLA)",TRIPT3
0601280016,0601280016 CIPROTERONA 50 MG (POR COMPRIMIDO),CIPRO50
0601280024,0601280024 FLUTAMIDA 250 MG (POR COMPRIMIDO),FLUTA250
0601290011,0601290011 DANAZOL 100 MG (POR CAPSULA),DANAZ100
0601300017,0601300017 OCTREOTIDA LAR 10 MG/ML INJETAVEL (POR FRASCO-AMPOLA),OCTRE10
0601300025,0601300025 OCTREOTIDA LAR 30 MG/ML INJETAVEL (POR FRASCO-AMPOLA),OCTRE30
0601300033,"0601300033 OCTREOTIDA 0,1 MG/ML INJETAVEL (POR AMPOLA)",OCTRE0
0601300041,0601300041 OCTREOTIDA LAR 20 MG/ML INJETAVEL (POR FRASCO-AMPOLA),OCTRE20
0601310012,"0601310012 BROMOCRIPTINA 2,5 MG (POR COMPRIMIDO)",BROMO2
0601310020,"0601310020 CABERGOLINA 0,5 MG (POR COMPRIMIDO)",CABER0
0601320018,0601320018 SOMATROPINA 12 UI INJETAVEL (POR FRASCO-AMPOLA),SOMAT12
0601320026,0601320026 SOMATROPINA 4 UI INJETAVEL (POR FRASCO-AMPOLA),SOMAT4
0601330013,0601330013 LEVOTIROXINA 100 MCG (POR COMPRIMIDO),LEVOT100
0601330021,0601330021 LEVOTIROXINA 150 MCG (POR COMPRIMIDO),LEVOT150
0601330030,0601330030 LEVOTIROXINA 25 MCG (POR COMPRIMIDO),LEVOT25
0601330048,0601330048 LEVOTIROXINA 50 MCG (POR COMPRIMIDO),LEVOT50
0601340019,"0601340019 FLUDROCORTISONA 0,1 MG (POR COMPRIMIDO)",FLUDR0
0601350014,0601350014 ALENDRONATO (Q) 10 MG (POR COMPRIMIDO),ALEND10
0601350022,0601350022 ALENDRONATO (Q) 70 MG (POR COMPRIMIDO),ALEND70
0601350030,"0601350030 ALFACALCIDOL (R) 0,25 MCG (POR CAPSULA)",ALFAC0
0601350049,"0601350049 ALFACALCIDOL (R) 1,0 MCG (POR CAPSULA)",ALFAC1
0601350057,0601350057 CALCITONINA 100 UI INJETAVEL (POR AMPOLA),CALCI100
0601350065,0601350065 CALCITONINA 200 UI SPRAY NASAL (POR FRASCO),CALCI200
0601350073,"0601350073 CALCITRIOL (R) 0,25 MCG (POR CAPSULA)",CALCI0
0601350081,"0601350081 CALCITRIOL 1,0 MCG INJETAVEL (POR AMPOLA)",CALCI1
0601350090,0601350090 PAMIDRONATO (Q) 30MG INJETAVEL (POR FRASCO-AMPOLA),PAMID30
0601350103,0601350103 PAMIDRONATO (Q) 60 MG INJETAVEL (POR FRASCO-AMPOLA),PAMID60
0601350111,0601350111 PAMIDRONATO (Q) 90 MG INJETAVEL (POR FRASCO-AMPOLA),PAMID90
0601350120,0601350120 RALOXIFENO 60 MG (POR COMPRIMIDO),RALOX60
0601350138,0601350138 RISEDRONATO (Q) 35 MG (POR COMPRIMIDO),RISED35
0601350146,0601350146 RISEDRONATO (Q) 5 MG (POR COMPRIMIDO),RISED5
0601360010,0601360010 IMIGLUCERASE 200 UI INJETAVEL (POR FRASCO-AMPOLA),IMIGL200
0601360028,0601360028 PANCRELIPASE 10.000 UI (POR CAPSULA),PANCR10
0601360036,0601360036 PANCRELIPASE 12.000 UI (POR CAPSULA),PANCR12
0601360044,0601360044 PANCRELIPASE 18.000 UI (POR CAPSULA),PANCR18
0601360052,0601360052 PANCRELIPASE 20.000 UI (POR CAPSULA),PANCR20
0601360060,0601360060 PANCRELIPASE 25000 UI (POR CAPSULA),PANCR25000
0601360079,0601360079 PANCRELIPASE 4500 UI (POR CAPSULA),PANCR4500
0602010136,0602010136 DESMOPRESSINA (DDAVP) - FRASCO AMPOLA DE 4 MCG/ML EM COAGULOPATIAS HEREDITARIAS,DESMO4
0603050115,0603050115 TENECTEPLASE 40 MG INJETAVEL (POR FRASCO AMPOLA) DE USO NAS URGENCIAS PRE-HOSPITALARES,TENEC40
0603050123,0603050123 TENECTEPLASE 50 MG INJETAVEL (POR FRASCO AMPOLA) DE USO NAS URGENCIAS PRE-HOSPITALARES,TENEC50
0604010010,0604010010 MESALAZINA 400 MG (POR COMPRIMIDO),MESAL400
0604010028,0604010028 MESALAZINA 500 MG (POR COMPRIMIDO),MESAL500
0604010036,0604010036 MESALAZINA 800 MG - POR COMPRIMIDOÇ¨,MESAL800
0604010044,0604010044 MESALAZINA 250 MG (POR SUPOSITORIO),MESAL250
0604010052,0604010052 MESALAZINA 500 MG (POR SUPOSITORIO),MESAL500
0604010060,0604010060 MESALAZINA 1000 MG (POR SUPOSITORIO),MESAL1000
0604010079,0604010079 MESALAZINA 1 G + DILUENTE 100 ML (ENEMA) - POR DOSE,MESAL1
0604010087,0604010087 MESALAZINA 3 G + DILUENTE 100 ML (ENEMA) - POR DOSE,MESAL3
0604010095,0604010095 SULFASSALAZINA 500 MG (POR COMPRIMIDO),SULFA500
0604010109,0604010109 MESALAZINA 2 G GRANULOS DE LIBERACAO PROLONGADA (POR SACHE),MESAL2
0604020015,0604020015 DEFERASIROX 125 MG (POR COMPRIMIDO)Ç¨,DEFER125
0604020023,0604020023 DEFERASIROX 250 MG (POR COMPRIMIDO)Ç¨,DEFER250
0604020031,0604020031 DEFERASIROX 500 MG (POR COMPRIMIDO)Ç¨,DEFER500
0604020040,0604020040 DEFERIPRONA 500 MG (POR COMPRIMIDO),DEFER500
0604020058,0604020058 DESFERROXAMINA 500 MG INJETAVEL (POR FRASCO-AMPOLA),DESFE500
0604030010,"0604030010 BROMOCRIPTINA 2,5 MG (POR COMPRIMIDO)",BROMO2
0604030029,0604030029 BROMOCRIPTINA 5 MG (POR COMPRIMIDO OU CAPSULA DE LIBERACAO RETARDADA,BROMO5
0604030037,"0604030037 CABERGOLINA 0,5 MG (POR COMPRIMIDO)",CABER0
0604030045,"0604030045 PRAMIPEXOL 0,125 MG (POR COMPRIMIDO)",PRAMI0
0604030053,"0604030053 PRAMIPEXOL 0,25 MG (POR COMPRIMIDO)",PRAMI0
0604030061,0604030061 PRAMIPEXOL 1 MG (POR COMPRIMIDO),PRAMI1
0604040016,0604040016 FENOTEROL 100 MCG AEROSSOL (POR FRASCO DE 200 DOSES),FENOT100
0604040024,0604040024 FORMOTEROL 12 MCG (POR CAPSULA INALANTE),FORMO12
0604040032,0604040032 FORMOTEROL 12 MCG PO INALANTE (POR FRASCO DE 60 DOSES),FORMO12
0604040040,0604040040 FORMOTEROL 12 MCG + BUDESONIDA 400 MCG Ç¨(POR CAPSULA INALANTE),FORMO12
0604040059,0604040059 FORMOTEROL 12 MCG + BUDESONIDA 400 MCG PO INALANTE (POR FRASCO DE 60 DOSES),FORMO12
0604040067,0604040067 FORMOTEROL 6 MCG + BUDESONIDA 200 MCG PO INALANTE (POR FRASCO DE 60 DOSES),FORMO6
0604040075,0604040075 FORMOTEROL 6MCG + BUDESONIDA 200 MCG (POR CAPSULA INALANTE),FORMO6
0604040083,0604040083 SALBUTAMOL 100 MCG AEROSSOL (POR FRASCO DE 200 DOSES),SALBU100
0604040091,0604040091 SALMETEROL 50 MCG PO INALANTE OU AEROSSOL BUCAL (POR FRASCO DE 60 DOSES),SALME50
0604050011,0604050011 CODEINA 3 MG/ML SOLUCAO ORAL (POR FRASCO DE 120 ML),CODEI3
0604050020,0604050020 CODEINA 30 MG/ML (POR AMPOLA DE 2 ML),CODEI30
0604050038,0604050038 CODEINA 30 MG (POR COMPRIMIDO),CODEI30
0604050046,0604050046 CODEINA 60 MG (POR COMPRIMIDO),CODEI60
0604050054,0604050054 MORFINA 10 MG/ML (POR AMPOLA DE 1 ML),MORFI10
0604050062,0604050062 MORFINA 10 MG/ML SOLUCAO ORAL (POR FRASCO DE 60 ML),MORFI10
0604050070,0604050070 MORFINA 10 MG (POR COMPRIMIDO),MORFI10
0604050089,0604050089 MORFINA 30 MG (POR COMPRIMIDO),MORFI30
0604050097,0604050097 MORFINA DE LIBERACAO CONTROLADA 30 MG (POR CAPSULA),MORFI30
0604050100,0604050100 MORFINA Ç¨DE LIBERACAO CONTROLADA 60 MG (POR CAPSULA),MORFI60
0604050119,0604050119 MORFINA Ç¨DE LIBERACAO CONTROLADA 100 MG (POR CAPSULA),MORFI100
0604060017,0604060017 COMPLEMENTO ALIMENTAR P/ PACIENTE FENILCETONURICO MENOR DE 1 ANO - FORMULA DE AMINOACIDOS ISENTA DE,COMPL1
0604060025,0604060025 COMPLEMENTO ALIMENTAR P/ PACIENTE FENILCETONURICO MAIOR DE 1 ANO - FORMULA DE AMINOACIDOS ISENTA DE,COMPL1
0604070012,0604070012 TRIEXIFENIDIL 5 MG (POR COMPRIMIDO),TRIEX5
0604080018,0604080018 CLOROQUINA 150 MG (POR COMPRIMIDO),CLORO150
0604080026,0604080026 HIDROXICLOROQUINA 400 MG (POR COMPRIMIDO),HIDRO400
0604080034,0604080034 HIDROXICLOROQUINA 200 MG (POR COMPRIMIDO),HIDRO200
0604090013,0604090013 CICLOFOSFAMIDA 50 MG (POR DRAGEA)Ç¨,CICLO50
0604100019,"0604100019 DESMOPRESSINA 0,1 MG/ML APLICACAO NASAL (POR FRASCO DE 2,5 ML",DESMO0
0604100027,"0604100027 DESMOPRESSINA 0,1 MG (POR COMPRIMIDO)",DESMO0
0604100035,"0604100035 DESMOPRESSINA 0,2 MG (POR COMPRIMIDO)",DESMO0
0604110014,"0604110014 GOSSERRELINA 3,60 MG INJETAVEL (POR SERINGA PREENCHIDA)",GOSSE3
0604110022,"0604110022 GOSSERRELINA 10,80 MG INJETAVEL (POR SERINGA PREENCHIDA)",GOSSE10
0604110030,"0604110030 LEUPRORRELINA 3,75 MG INJETAVEL (POR FRASCO-AMPOLA)",LEUPR3
0604110049,"0604110049 LEUPRORRELINA 11,25 MG INJETAVEL (POR FRASCO-AMPOLA)",LEUPR11
0604110057,"0604110057 TRIPTORRELINA 3,75 MG INJETAVEL (POR FRASCO-AMPOLA)",TRIPT3
0604110065,"0604110065 TRIPTORRELINA 11,25 MG INJETAVEL (POR FRASCO-AMPOLA)",TRIPT11
0604110073,"0604110073 TRIPTORRELINA 22,5 MG INJETAVEL (POR FRASCO-AMPOLA)",TRIPT22
0604110081,0604110081 LEUPRORRELINA 45 MG INJETAVEL (SERINGA PREENCHIDA),LEUPR45
0604120010,0604120010 CIPROTERONA 50 MG (POR COMPRIMIDO),CIPRO50
0604130015,0604130015 DONEPEZILA 5 MG (POR COMPRIMIDO),DONEP5
0604130023,0604130023 DONEPEZILA 10 MG (POR COMPRIMIDO),DONEP10
0604130031,0604130031 GALANTAMINA 8 MG (POR CAPSULA DE LIBERACAO PROLONGADA),GALAN8
0604130040,0604130040 GALANTAMINA 16 MG (POR CAPSULA DE LIBERACAO PROLONGADA),GALAN16
0604130058,0604130058 GALANTAMINA 24 MG (POR CAPSULA DE LIBERACAO PROLONGADA),GALAN24
0604130066,"0604130066 RIVASTIGMINA 1,5 MG (POR CAPSULA)",RIVAS1
0604130074,"0604130074 RIVASTIGMINA 2,0 MG/ML SOLUCAO ORAL (POR FRASCO DE 120 ML)",RIVAS2
0604130082,0604130082 RIVASTIGMINA 3 MG (POR CAPSULA),RIVAS3
0604130090,"0604130090 RIVASTIGMINA 4,5 MG (POR CAPSULA)",RIVAS4
0604130104,0604130104 RIVASTIGMINA 6 MG (POR CAPSULA),RIVAS6
0604130112,0604130112 PIRIDOSTIGMINA 60 MG (POR COMPRIMIDO),PIRID60
0604130120,0604130120 RIVASTIGMINA 9 MG ADESIVO TRANSDERMICO,RIVAS9
0604130139,0604130139 RIVASTIGMINA 18 MG ADESIVO TRANSDERMICO,RIVAS18
0604140029,0604140029 DANAZOL 100 MG (POR CAPSULA),DANAZ100
0604140037,0604140037 DANAZOL 200 MG (POR CAPSULA),DANAZ200
0604150016,0604150016 PRIMIDONA 100 MG (POR COMPRIMIDO),PRIMI100
0604150024,0604150024 PRIMIDONA 250 MG (POR COMPRIMIDO),PRIMI250
0604160011,0604160011 PAMIDRONATO 30 MG INJETAVEL (POR FRASCO-AMPOLA),PAMID30
0604160020,0604160020 PAMIDRONATO 60 MG INJETAVEL (POR FRASCO-AMPOLA),PAMID60
0604160038,0604160038 PAMIDRONATO 90 MG INJETAVEL (POR FRASCO-AMPOLA),PAMID90
0604160046,0604160046 RISEDRONATO 5 MG (POR COMPRIMIDO),RISED5
0604160054,0604160054 RISEDRONATO 35 MG (POR COMPRIMIDO),RISED35
0604160062,"0604160062 ACIDO ZOLEDRONICO 0,05 MG/ML (POR FRASCO DE 100 ML)",ACIDO0
0604170017,0604170017 HIDROXIDO DE ALUMINIO 230 MG (POR COMPRIMIDO),HIDRO230
0604170025,0604170025 HIDROXIDO DE ALUMINIO 300 MG (POR COMPRIMIDO),HIDRO300
0604180012,0604180012 CLOBAZAM 10 MG (POR COMPRIMIDO),CLOBA10
0604180020,0604180020 CLOBAZAM 20 MG (POR COMPRIMIDO),CLOBA20
0604180039,0604180039 NITRAZEPAM 5 MG (POR COMPRIMIDO),NITRA5
0604190018,0604190018 VIGABATRINA 500 MG (POR COMPRIMIDO),VIGAB500
0604200013,0604200013 AMANTADINA 100 MG (POR COMPRIMIDO),AMANT100
0604210019,0604210019 ZIPRASIDONA 40 MG (POR CAPSULA),ZIPRA40
0604210027,0604210027 ZIPRASIDONA 80 MG (POR CAPSULA),ZIPRA80
0604220014,0604220014 ETOSSUXIMIDA 50 MG/ML (FRASCO DE 120 ML),ETOSS50
0604230010,0604230010 OLANZAPINA 5 MG (POR COMPRIMIDO),OLANZ5
0604230028,0604230028 OLANZAPINA 10 MG (POR COMPRIMIDO),OLANZ10
0604230036,0604230036 QUETIAPINA 25 MG (POR COMPRIMIDO),QUETI25
0604230044,0604230044 QUETIAPINA 100 MG (POR COMPRIMIDO),QUETI100
0604230052,0604230052 QUETIAPINA 200 MG (POR COMPRIMIDO),QUETI200
0604230060,0604230060 QUETIAPINA 300 MG (POR COMPRIMIDO),QUETI300
0604230079,0604230079 CLOZAPINA 25 MG (POR COMPRIMIDO),CLOZA25
0604230087,0604230087 CLOZAPINA 100 MG (POR COMPRIMIDO),CLOZA100
0604240015,0604240015 IMIGLUCERASE 200 U INJETAVEL (POR FRASCO-AMPOLA),IMIGL200
0604240023,0604240023 ALFATALIGLICERASE 200 U INJETAVEL (POR FRASCO AMPOLA),ALFAT200
0604240031,0604240031 IMIGLUCERASE 400 U INJETAVEL (POR FRASCO-AMPOLA),IMIGL400
0604240058,0604240058 ALFAVELAGLICERASE 400 U INJETAVEL (POR FRASCO AMPOLA),ALFAV400
0604240066,"0604240066 LARONIDASE 0,58 MG/ML SOLUCAO INJETAVEL (FRASCO DE 5 ML)",LARON0
0604240074,0604240074 IDURSULFASE ALFA 2 MG/ML SOLUCAO INJETAVEL (FRASCO DE 3 ML),IDURS2
0604240082,0604240082 GALSULFASE 1 MG/ML SOLUCAO INJETAVEL (POR FRASCO AMPOLA DE 5 ML),GALSU1
0604240090,0604240090 ALFAELOSULFASE 1 MG/ML SOLUCAO INJETAVEL (POR FRASCO AMPOLA DE 5 ML),ALFAE1
0604240104,0604240104 ALFA-ALGLICOSIDASE 50 MG PO LIOFILIZADO PARA SOLUCAO INJETAVEL,ALFA-50
0604240112,0604240112 ALFAVESTRONIDASE 10 MG SOLUCAO INJETAVEL (FRASCOCOM 5ML),ALFAV10
0604240120,"0604240120 ALFAGALSIDASE 1MG/ML (FRASCO AMPOLA DE 3,5 ML)",ALFAG1
0604250010,0604250010 FILGRASTIM 300 MCG INJETAVEL (POR FRASCO AMPOLA OU SERINGA PREENCHIDA),FILGR300
0604250029,0604250029 MOLGRAMOSTIM 300 MCG INJETAVEL (POR FRASCO),MOLGR300
0604250037,0604250037 ELTROMBOPAGUE OLAMINA 25 MG (POR COMPRIMIDO),ELTRO25
0604250045,0604250045 ELTROMBOPAGUE OLAMINA 50 MG (POR COMPRIMIDO),ELTRO50
0604260016,0604260016 SACARATO DE HIDROXIDO FERRICO 100 MG INJETAVEL (POR FRASCO DE 5 ML),SACAR100
0604270011,0604270011 BEZAFIBRATO 200 MG (POR DRAGEA OU COMPRIMIDO),BEZAF200
0604270020,0604270020 BEZAFIBRATO 400 MG (POR COMPRIMIDO DE DESINTEGRACAO LENTA),BEZAF400
0604270038,0604270038 CIPROFIBRATO 100 MG (POR COMPRIMIDO),CIPRO100
0604270046,0604270046 ETOFIBRATO 500 MG (POR CAPSULA),ETOFI500
0604270054,0604270054 FENOFIBRATO 200 MG (POR CAPSULA),FENOF200
0604270062,0604270062 FENOFIBRATO 250 MG (POR CAPSULA DE LIBERACAO RETARDADA),FENOF250
0604270070,0604270070 GENFIBROZILA 600 MG (COMPRIMIDO),GENFI600
0604270089,0604270089 GENFIBROZILA 900 MG (POR COMPRIMIDO),GENFI900
0604270100,0604270100 ACIDO NICOTINICO 500MG (POR COMPRIMIDO DE LIBERACAO PROLONGADA),ACIDO500
0604270119,0604270119 ACIDO NICOTINICO 750 MG (POR COMPRIMIDO DE LIBERACAO PROLONGADA),ACIDO750
0604280017,0604280017 BECLOMETASONA 200 MCG (POR CAPSULA INALANTE),BECLO200
0604280025,0604280025 BECLOMETASONA 200 MCG PO INALANTE (POR FRASCO Ç¨DE 100 DOSES),BECLO200
0604280033,0604280033 BECLOMETASONA 250 MCG SPRAY (POR FRASCO Ç¨DE 200 DOSES),BECLO250
0604280041,0604280041 BECLOMETASONA 400 MCG Ç¨(POR CAPSULA INALANTE),BECLO400
0604280050,0604280050 BECLOMETASONA 400 MCG PO INALANTE (POR FRASCO DE 100 DOSES),BECLO400
0604280068,0604280068 BUDESONIDA 200 MCG (POR CAPSULA INALANTE),BUDES200
0604280076,0604280076 BUDESONIDA 400 MCG (POR CAPSULA INALANTE),BUDES400
0604280084,0604280084 BUDESONIDA 200 MCG PO INALANTE OU AEROSSOL BUCAL (POR FRASCO C/ 100 DOSES),BUDES200
0604280092,0604280092 BUDESONIDA 200 MCG PO INALANTE OU AEROSSOL BUCAL (POR FRASCO C/ 200 DOSES),BUDES200
0604280106,0604280106 METILPREDNISOLONA 500 MG INJETAVEL (POR AMPOLA),METIL500
0604290012,0604290012 OCTREOTIDA Ç¨LAR 10 MG INJETAVEL (POR FRASCO-AMPOLA),OCTRE10
0604290020,0604290020 OCTREOTIDA LAR 20 MG INJETAVEL (POR FRASCO-AMPOLA),OCTRE20
0604290039,0604290039 OCTREOTIDA Ç¨LAR 30 MG INJETAVEL (POR FRASCO-AMPOLA),OCTRE30
0604290047,"0604290047 OCTREOTIDA 0,1 MG/ML INJETAVEL (POR AMPOLA)",OCTRE0
0604290055,"0604290055 OCTREOTIDA 0,5 MG/ML INJETAVEL (POR AMPOLA)",OCTRE0
0604290063,0604290063 LANREOTIDA 60 MG INJETAVEL (POR SERINGA PREENCHIDA),LANRE60
0604290071,0604290071 LANREOTIDA 90 MG INJETAVEL (POR SERINGA PREENCHIDA),LANRE90
0604290080,0604290080 LANREOTIDA 120 MG INJETAVEL (POR SERINGA PREENCHIDA),LANRE120
0604300018,0604300018 IMUNOGLOBULINA ANTI-HEPATITE B 100 UI INJETAVEL (POR FRASCO),IMUNO100
0604300026,0604300026 IMUNOGLOBULINA ANTI-HEPATITE B 500 UI INJETAVEL (POR FRASCO),IMUNO500
0604300034,0604300034 IMUNOGLOBULINA ANTI-HEPATITE B 600 UI INJETAVEL (POR FRASCO),IMUNO600
0604300042,0604300042 IMUNOGLOBULINA ANTI-HEPATITE B 1000 UI INJETAVEL (POR FRASCO),IMUNO1000
0604310013,"0604310013 IMUNOGLOBULINA HUMANA 0,5 G INJETAVEL (POR FRASCO)",IMUNO0
0604310021,"0604310021 IMUNOGLOBULINA HUMANA 1,0 G INJETAVEL (POR FRASCO)",IMUNO1
0604310030,"0604310030 IMUNOGLOBULINA HUMANA 2,5 G INJETAVEL (POR FRASCO)",IMUNO2
0604310048,"0604310048 IMUNOGLOBULINA HUMANA 3,0 G INJETAVEL (POR FRASCO)",IMUNO3
0604310056,"0604310056 IMUNOGLOBULINA HUMANA 5,0 G INJETAVEL (POR FRASCO)",IMUNO5
0604310064,"0604310064 IMUNOGLOBULINA HUMANA 6,0 G INJETAVEL (POR FRASCO)",IMUNO6
0604310072,0604310072 IMUNOGLOBULINA HUMANA 5.0G INJETAVEL (POR FRASCO) (1B),IMUNO5
0604320019,"0604320019 EVEROLIMO 0,5 MG (POR COMPRIMIDO)Ç¨",EVERO0
0604320027,"0604320027 EVEROLIMO 0,75 MG (POR COMPRIMIDO)Ç¨",EVERO0
0604320035,0604320035 EVEROLIMO 1 MG (POR COMPRIMIDO)Ç¨,EVERO1
0604320043,0604320043 LEFLUNOMIDA 20 MG (POR COMPRIMIDO),LEFLU20
0604320051,0604320051 MICOFENOLATO DE MOFETILA 500 MG (POR COMPRIMIDO),MICOF500
0604320060,0604320060 MICOFENOLATO DE SODIO 180 MG (POR COMPRIMIDO),MICOF180
0604320078,0604320078 MICOFENOLATO DE SODIO 360 MG (POR COMPRIMIDO),MICOF360
0604320086,0604320086 SIROLIMO 1 MG (POR DRAGEA),SIROL1
0604320094,0604320094 SIROLIMO 2 MG (POR DRAGEA),SIROL2
0604320108,0604320108 SIROLIMO 1MG/ML SOLUCAO ORAL (POR FRASCO DE 60ML),SIROL1
0604320116,0604320116 NATALIZUMABE 300MG (POR FRASCO-AMPOLA),NATAL300
0604320124,0604320124 ABATACEPTE 250 MG INJETAVEL (POR FRASCO AMPOLA).,ABATA250
0604320132,"0604320132 FINGOLIMODE 0,5 MG (POR CAPSULA)",FINGO0
0604320140,0604320140 ABATACEPTE 125 MG INJETAVEL (POR SERINGA PREENCHIDA),ABATA125
0604320159,0604320159 TOFACITINIBE 5 MG (POR COMPRIMIDO),TOFAC5
0604320167,0604320167 VEDOLIZUMABE 300 MG PO LIOFILIZADO PARA SOLUCAO INJETAVEL,VEDOL300
0604320175,0604320175 BARICITINIBE 2MG (POR COMPRIMIDO),BARIC2
0604320183,0604320183 BARICITINIBE 4MG (POR COMPRIMIDO),BARIC4
0604320191,0604320191 UPADACITINIBE 15 MG (POR COMPRIMIDO REVESTIDO DE LIBERACAO PROLONGADA),UPADA15
0604320205,"0604320205 ALENTUZUMABE 10 MG/ML SOLUCAO INJETAVEL (FRASCO-AMPOLA CONTENDO 1,2 ML)",ALENT10
0604320213,0604320213 ECULIZUMABE 10 MG/ML SOLUCAO INJETAVEL (FRASCO COM 30 ML),ECULI10
0604320221,0604320221 CLADRIBINA 10 MG (COMPRIMIDO),CLADR10
0604330014,0604330014 ILOPROSTA 10 MCG/ML SOLUCAO PARA NEBULIZACAO (AMPOLA DE 1 ML),ILOPR10
0604330022,0604330022 CLOPIDOGREL 75 MG (POR COMPRIMIDO),CLOPI75
0604330030,0604330030 SELEXIPAGUE 200 MCG (POR COMPRIMIDO),SELEX200
0604330049,0604330049 SELEXIPAGUE 400 MCG (POR COMPRIMIDO),SELEX400
0604330057,0604330057 SELEXIPAGUE 600 MCG (POR COMPRIMIDO),SELEX600
0604330065,0604330065 SELEXIPAGUE 800 MCG (POR COMPRIMIDO),SELEX800
0604330073,0604330073 SELEXIPAGUE 1000 MCG (POR COMPRIMIDO),SELEX1000
0604330081,0604330081 SELEXIPAGUE 1200 MCG (POR COMPRIMIDO),SELEX1200
0604330090,0604330090 SELEXIPAGUE 1400 MCG (POR COMPRIMIDO),SELEX1400
0604330103,0604330103 SELEXIPAGUE 1600 MCG (POR COMPRIMIDO),SELEX1600
0604330111,0604330111 SELEXIPAGUE 200 MCG(TITULACAO DE DOSE) (POR COMPRIMIDO),SELEX200
0604330120,0604330120 SELEXIPAGUE 800 MCG (TITULACAO DE DOSE) ( POR COMPRIMIDO),SELEX800
0604340010,0604340010 CICLOSPORINA 10 MG (POR CAPSULA),CICLO10
0604340028,0604340028 CICLOSPORINA 25 MG (POR CAPSULA),CICLO25
0604340036,0604340036 CICLOSPORINA 50 MG (POR CAPSULA),CICLO50
0604340044,0604340044 CICLOSPORINA 100 MG (POR CAPSULA),CICLO100
0604340052,0604340052 CICLOSPORINA 100 MG/ML SOLUCAO ORAL (POR FRASCO DE 50 ML),CICLO100
0604340060,0604340060 TACROLIMO 1 MG (POR CAPSULA),TACRO1
0604340079,0604340079 TACROLIMO 5 MG (POR CAPSULA),TACRO5
0604350015,0604350015 SILDENAFILA 20 MG (POR COMPRIMIDO),SILDE20
0604350023,0604350023 SILDENAFILA 25 MG (POR COMPRIMIDO),SILDE25
0604350031,0604350031 SILDENAFILA 50 MG (POR COMPRIMIDO),SILDE50
0604360010,0604360010 ATORVASTATINA 10 MG (POR COMPRIMIDO),ATORV10
0604360029,0604360029 ATORVASTATINA 20 MG (POR COMPRIMIDO),ATORV20
0604360037,0604360037 ATORVASTATINA 40 MG (POR COMPRIMIDO),ATORV40
0604360045,0604360045 ATORVASTATINA 80 MG (POR COMPRIMIDO),ATORV80
0604360053,0604360053 FLUVASTATINA 20 MG (POR CAPSULA),FLUVA20
0604360061,0604360061 FLUVASTATINA 40 MG Ç¨(POR CAPSULA),FLUVA40
0604360070,0604360070 LOVASTATINA 10 MG (POR COMPRIMIDO),LOVAS10
0604360088,0604360088 LOVASTATINA 20 MG (POR COMPRIMIDO),LOVAS20
0604360096,0604360096 LOVASTATINA 40 MG (POR COMPRIMIDO),LOVAS40
0604360100,0604360100 PRAVASTATINA 10 MG (POR COMPRIMIDO),PRAVA10
0604360118,0604360118 PRAVASTATINA 20MG (POR COMPRIMIDO),PRAVA20
0604360126,0604360126 PRAVASTATINA 40 MG (POR COMPRIMIDO),PRAVA40
0604370016,0604370016 SELEGILINA 5 MG (POR COMPRIMIDO),SELEG5
0604370024,0604370024 SELEGILINA 10 MG (POR DRAGEA OU COMPRIMIDO),SELEG10
0604370032,0604370032 RASAGILINA 1 MG (POR COMPRIMIDO),RASAG1
0604380011,0604380011 ADALIMUMABE 40 MG INJETAVEL (POR SERINGA PREENCHIDA),ADALI40
0604380020,0604380020 ETANERCEPTE 25 MG INJETAVEL (POR FRASCO-AMPOLA OU SERINGA PREENCHIDA),ETANE25
0604380038,0604380038 ETANERCEPTE 50MG INJETAVEL (POR FRASCO-AMPOLA OU SERINGA PREENCHIDA)(ORIGINADOR),ETANE50
0604380046,0604380046 INFLIXIMABE 10 MG/ML INJETAVEL (POR FRASCO-AMPOLA COM 10 ML),INFLI10
0604380054,0604380054 INFLIXIMABE 10 MG/ML INJETAVEL (POR FRASCO-AMPOLA COM 10 ML),INFLI10
0604380062,0604380062 ADALIMUMABE 40 MG INJETAVEL (POR SERINGA PREENCHIDA),ADALI40
0604380070,0604380070 CERTOLIZUMABE PEGOL 200 MG/ML INJETAVEL (POR SERINGA PREENCHIDA),CERTO200
0604380089,0604380089 GOLIMUMABE 50 MG INJETAVEL (POR SERINGA PREENCHIDA,GOLIM50
0604380097,0604380097 ADALIMUMABE 40 MG INJETAVEL (FRASCO AMPOLA),ADALI40
0604380100,0604380100 ETANERCEPTE 50 MG INJETAVEL (POR FRASCO-AMPOLA OU SERINGA PREENCHIDA)(BIOSSIMILAR A),ETANE50
0604380119,0604380119 INFLIXIMABE 10 MG /ML INJETAVEL (POR FRASCO-AMPOLA COM 10 ML) (BIOSSIMILAR A),INFLI10
0604380127,0604380127 ADALIMUMABE 40 MG INJETAVEL ( POR SERINGA PREENCHIDA)( BIOSSIMILAR A),ADALI40
0604380135,0604380135 ADALIMUMABE 40 MG INJETAVEL (POR SERINGA PREENCHIDA) (BIOSSIMILAR B),ADALI40
0604390017,0604390017 ALFAINTERFERONA 2B 3.000.000 UI INJETAVEL (POR FRASCO-AMPOLA),ALFAI2
0604390025,0604390025 ALFAINTERFERONA 2B 5.000.000 UI INJETAVEL (POR FRASCO-AMPOLA),ALFAI2
0604390033,0604390033 ALFAINTERFERONA 2B 10.000.000 UI INJETAVEL (POR FRASCO-AMPOLA),ALFAI2
0604390041,0604390041 ALFAPEGINTERFERONA 2A 180MCG (POR SERINGA PREENCHIDA),ALFAP2
0604390050,0604390050 ALFAPEGINTERFERONA 2B 80MCG (POR FRASCO-AMPOLA),ALFAP2
0604390068,0604390068 ALFAPEGINTERFERONA 2B 100MCG (POR FRASCO-AMPOLA),ALFAP2
0604390076,0604390076 ALFAPEGINTERFERONA 2B 120MCG (POR FRASCO-AMPOLA),ALFAP2
0604390084,0604390084 BETAINTERFERONA 1A 6.000.000 UI (22 MCG) INJETAVEL (POR SERINGA PREENCHIDA),BETAI1
0604390092,"0604390092 BETAINTERFERONA 1A 6.000.000 UI (30 MCG) INJETAVEL (POR FRASCO-AMPOLA, SERINGA PREENCHIDA OU CANETA",BETAI1
0604390106,0604390106 BETAINTERFERONA 1A 12.000.000 UI (44 MCG) INJETAVEL (POR SERINGA PREENCHIDA),BETAI1
0604390114,0604390114 BETAINTERFERONA 1B 9.600.000 UI (300MCG) INJETAVEL (POR FRASCO-AMPOLA),BETAI1
0604400012,0604400012 SEVELAMER 800 MG (POR COMPRIMIDO),SEVEL800
0604410018,0604410018 METADONA 5 MG (POR COMPRIMIDO),METAD5
0604410026,0604410026 METADONA 10 MG (POR COMPRIMIDO),METAD10
0604410034,0604410034 METADONA 10 MG/ML INJETAVEL (POR AMPOLA DE 1 ML),METAD10
0604420013,"0604420013 FLUDROCORTISONA 0,1 MG (POR COMPRIMIDO)",FLUDR0
0604430019,0604430019 RALOXIFENO 60 MG (POR COMPRIMIDO),RALOX60
0604440014,"0604440014 ALFADORNASE 2,5 MG (POR AMPOLA)",ALFAD2
0604450010,0604450010 RIBAVIRINA 250 MG (POR CAPSULA),RIBAV250
0604460015,0604460015 ADEFOVIR 10 MG (POR COMPRIMIDO),ADEFO10
0604460023,"0604460023 ENTECAVIR 0,5 MG (POR COMPRIMIDO)",ENTEC0
0604460031,0604460031 LAMIVUDINA 10 MG/ML SOLUCAO ORAL (FRASCO DE 240 ML),LAMIV10
0604460040,0604460040 LAMIVUDINA 150 MG (POR COMPRIMIDO),LAMIV150
0604460058,0604460058 TENOFOVIR 300 MG (POR COMPRIMIDO),TENOF300
0604460066,0604460066 ENTECAVIR 1.0 MG (POR COMPRIMIDO),ENTEC1
0604470010,0604470010 ALFAEPOETINA 1.000 UI INJETAVEL (POR FRASCO-AMPOLA),ALFAE1
0604470029,0604470029 ALFAEPOETINA 2.000 UI INJETAVEL (POR FRASCO-AMPOLA),ALFAE2
0604470037,0604470037 ALFAEPOETINA 3.000 UI INJETAVEL (POR FRASCO-AMPOLA),ALFAE3
0604470045,0604470045 ALFAEPOETINA 4.000 UI INJETAVEL (POR FRASCO-AMPOLA),ALFAE4
0604470053,0604470053 ALFAEPOETINA 10.000 UI INJETAVEL (POR FRASCO-AMPOLA),ALFAE10
0604480016,0604480016 HIDROXIUREIA 500 MG (POR CAPSULA),HIDRO500
0604480024,0604480024 HIDROXIUREIA 100 MG (POR COMPRIMIDO REVESTIDO),HIDRO100
0604490011,0604490011 ENTACAPONA 200 MG (POR COMPRIMIDO),ENTAC200
0604490020,0604490020 TOLCAPONA 100 MG (POR COMPRIMIDO),TOLCA100
0604500017,0604500017 GABAPENTINA 300 MG (POR CAPSULA),GABAP300
0604500025,0604500025 GABAPENTINA 400 MG (POR CAPSULA),GABAP400
0604500033,0604500033 LAMOTRIGINA 25 MG (POR COMPRIMIDO),LAMOT25
0604500041,0604500041 LAMOTRIGINA 50 MG (POR COMPRIMIDO),LAMOT50
0604500050,0604500050 LAMOTRIGINA 100 MG (POR COMPRIMIDO),LAMOT100
0604500068,0604500068 TOPIRAMATO 25 MG (POR COMPRIMIDO),TOPIR25
0604500076,0604500076 TOPIRAMATO 50 MG (POR COMPRIMIDO),TOPIR50
0604500084,0604500084 TOPIRAMATO 100 MG (POR COMPRIMIDO),TOPIR100
0604500092,0604500092 LEVETIRACETAM 100 MG /ML SOLUCAO ORAL (POR FRASCO DE 150 ML),LEVET100
0604500106,0604500106 LEVETIRACETAM 250 MG (POR COMPRIMIDO),LEVET250
0604500114,0604500114 LEVETIRACETAM 750 MG (POR COMPRIMIDO),LEVET750
0604500122,0604500122 LEVETIRACETAM 100 MG/ML SOLUCAO ORAL (POR FRASCO DE 100 ML),LEVET100
0604500130,0604500130 LEVETIRACETAM 500 MG (POR COMPRIMIDO),LEVET500
0604500149,0604500149 LEVETIRACETAM 1000 MG (POR COMPRIMIDO),LEVET1000
0604510012,0604510012 RISPERIDONA 1 MG (POR COMPRIMIDO),RISPE1
0604510020,0604510020 RISPERIDONA 2 MG (POR COMPRIMIDO),RISPE2
0604510039,0604510039 RISPERIDONA 3 MG (POR COMPRIMIDO),RISPE3
0604510047,"0604510047 RISPERIDONA 1,0 MG/ML SOLUCAO ORAL (POR FRASCO DE 30 ML)",RISPE1
0604520018,0604520018 GLATIRAMER 20 MG INJETAVEL (POR SERINGA PREENCHIDA ),GLATI20
0604520026,0604520026 GLATIRAMER 40 MG INJETAVEL (POR SERINGA PREENCHIDA),GLATI40
0604530013,0604530013 AZATIOPRINA 50 MG (POR COMPRIMIDO),AZATI50
0604530021,"0604530021 METOTREXATO 2,5 MG (POR COMPRIMIDO)",METOT2
0604530030,0604530030 METOTREXATO 25 MG/ML INJETAVEL (POR AMPOLA DE 2 ML),METOT25
0604530048,0604530048 METOTREXATO 25 MG/ML INJETAVEL (POR AMPOLA DE 20 ML),METOT25
0604540019,0604540019 RILUZOL 50 MG (POR COMPRIMIDO),RILUZ50
0604540027,0604540027 FUMARATO DE DIMETILA 120 MG (POR CAPSULA),FUMAR120
0604540035,0604540035 FUMARATO DE DIMETILA 240 MG (POR CAPSULA),FUMAR240
0604540043,0604540043 TERIFLUNOMIDA 14 MG (POR COMPRIMIDO),TERIF14
0604540060,0604540060 TAFAMIDIS 20 MG CAPSULA,TAFAM20
0604540078,0604540078 MEMANTINA 10 MG (POR COMPRIMIDO),MEMAN10
0604550014,0604550014 TOXINA BOTULINICA TIPO A 100 U INJETAVEL (POR FRASCO-AMPOLA),TOXIN100
0604550022,0604550022 TOXINA BOTULINICA TIPO A 500 U INJETAVEL (POR FRASCO-AMPOLA),TOXIN500
0604560010,0604560010 PENICILAMINA 250 MG (POR CAPSULA),PENIC250
0604570015,0604570015 CALCITONINA 50 UI INJETAVEL (POR AMPOLA),CALCI50
0604570023,0604570023 CALCITONINA 100 UI INJETAVEL (POR AMPOLA),CALCI100
0604570031,0604570031 CALCITONINA 200 UI/DOSE SPRAY NASAL (POR FRASCO),CALCI200
0604580010,0604580010 PANCREATINA 10.000 UI (POR CAPSULA),PANCR10
0604580029,0604580029 PANCREATINA 25000 UI (POR CAPSULA),PANCR25000
0604580037,0604580037 PANCRELIPASE 4500 UI (POR CAPSULA),PANCR4500
0604580045,0604580045 PANCRELIPASE 12.000 UI (POR CAPSULA),PANCR12
0604580053,0604580053 PANCRELIPASE 18.000 UI (POR CAPSULA),PANCR18
0604580061,0604580061 PANCRELIPASE 20.000 UI (POR CAPSULA),PANCR20
0604590016,0604590016 ISOTRETINOINA 10 MG (POR CAPSULA),ISOTR10
0604590024,0604590024 ISOTRETINOINA 20 MG (POR CAPSULA),ISOTR20
0604600011,0604600011 ACITRETINA 10 MG (POR CAPSULA),ACITR10
0604600020,0604600020 ACITRETINA 25 MG (POR CAPSULA),ACITR25
0604610017,0604610017 SOMATROPINA 4 UI INJETAVEL (POR FRASCO-AMPOLA),SOMAT4
0604610025,0604610025 SOMATROPINA 12 UI INJETAVEL (POR FRASCO-AMPOLA),SOMAT12
0604610033,0604610033 SOMATROPINA 16UI INJETAVEL (POR FRASCO AMPOLA),SOMAT16
0604620012,"0604620012 ALFACALCIDOL 0,25 MCG (POR CAPSULA)",ALFAC0
0604620020,"0604620020 ALFACALCIDOL 1,0 MCG (POR CAPSULA)",ALFAC1
0604620039,"0604620039 CALCITRIOL 0,25 MCG (POR CAPSULA)",CALCI0
0604620047,"0604620047 CALCITRIOL 1,0 MCG INJETAVEL (POR AMPOLA)",CALCI1
0604630018,0604630018 MIGLUSTATE 100 MG (POR CAPSULA),MIGLU100
0604630026,"0604630026 BIOTINA 2,5 MG CAPSULA",BIOTI2
0604630034,0604630034 ACIDO URSODESOXICOLICO 50 MG (POR COMPRIMIDO),ACIDO50
0604630042,0604630042 ACIDO URSODESOXICOLICO 150 MG (POR COMPRIMIDO),ACIDO150
0604630050,0604630050 ACIDO URSODESOXICOLICO 300 MG (POR COMPRIMIDO),ACIDO300
0604630069,0604630069 SAPROPTERINA 100 MG (POR COMPRIMIDO),SAPRO100
0604630077,0604630077 TRIENTINA 250 MG (POR CAPSULA),TRIEN250
0604640013,0604640013 BOCEPREVIR 200 MG (POR CAPSULA),BOCEP200
0604640021,0604640021 TELAPREVIR 375 MG (POR COMPRIMIDO),TELAP375
0604640030,0604640030 SIMEPREVIR 150 MG (POR CAPSULA),SIMEP150
0604650019,"0604650019 BIMATOPROSTA 0,3 MG/ML SOLUCAO OFTALMICA (POR FRASCO DE 3 ML)",BIMAT0
0604650027,"0604650027 LATANOPROSTA 0,05 MG/ML SOLUCAO OFTALMICA (POR FRASCO DE 2,5 ML)",LATAN0
0604650035,"0604650035 TRAVOPROSTA 0,04 MG/ML SOLUCAO OFTALMICA (POR FRASCO DE 2,5 ML)",TRAVO0
0604660014,0604660014 BRINZOLAMIDA 10 MG/ML SUSPENSAO OFTALMICA (POR FRASCO DE 5 ML),BRINZ10
0604660022,0604660022 DORZOLAMIDA 20 MG/ML SOLUCAO OFTALMICA (POR FRASCO DE 5 ML),DORZO20
0604660030,0604660030 ACETAZOLAMIDA 250 MG (POR COMPRIMIDO),ACETA250
0604670010,"0604670010 BRIMONIDINA 2,0 MG/ML SOLUCAO OFTALMICA (POR FRASCO DE 5 ML)",BRIMO2
0604680023,0604680023 RITUXIMABE 500 MG INJETAVEL (POR FRASCO-AMPOLA DE 50 ML) (ORIGINADOR),RITUX500
0604680031,0604680031 RITUXIMABE 500 MG INJETAVEL (POR FRASCO- AMPOLA DE 5O ML ) (BIOSSIMILAR A),RITUX500
0604680040,0604680040 RITUXIMABE 500 MG INJETAVEL (POR FRASCO AMPOLA DE 50 ML(BIOSSIMILAR B),RITUX500
0604680058,0604680058 RITUXIMABE 100 MG INJETAVEL (POR FRASCO-AMPOLA DE 10 ML (ORIGINADOR),RITUX100
0604690010,0604690010 TOCILIZUMABE 20 MG/ML INJETAVEL (POR FRASCO-AMPOLA DE 4 ML),TOCIL20
0604690029,0604690029 SECUQUINUMABE 150 MG/ML SOLUCAO INJETAVEL (POR SERINGA PREENCHIDA),SECUQ150
0604690037,"0604690037 USTEQUINUMABE 45 MG/0,5ML SOLUCAO INJETAVEL (POR SERINGA PREENCHIDA)",USTEQ45
0604690045,"0604690045 RISANQUIZUMABE 75 MG/0,83ML -SOLUCAO INJETAVEL",RISAN75
0604700016,0604700016 CALCIPOTRIOL 50 MCG/G POMADA (POR BISNAGA DE 30 G),CALCI50
0604710011,"0604710011 CLOBETASOL 0,5 MG/G CREME (POR BISNAGA DE 30 G)",CLOBE0
0604710020,"0604710020 CLOBETASOL 0,5 MG/G SOLUCAO CAPILAR (POR FRASCO DE 50 G)",CLOBE0
0604720017,0604720017 NAPROXENO 250 MG (POR COMPRIMIDO),NAPRO250
0604720025,0604720025 NAPROXENO 500 MG (POR COMPRIMIDO),NAPRO500
0604730012,0604730012 PILOCARPINA 20 MG/ML SOLUCAO OFTALMICA (POR FRASCO DE 10 ML),PILOC20
0604740018,"0604740018 TIMOLOL 5,0 MG/ML SOLUCAO OFTALMICA (POR FRASCO DE 5 ML)",TIMOL5
0604750013,0604750013 AMBRISENTANA 5MG (POR COMPRIMIDO REVESTIDO),AMBRI5
0604750021,0604750021 AMBRISENTANA 10MG (POR COMPRIMIDO REVESTIDO),AMBRI10
0604750030,"0604750030 BOSENTANA 62,5MG (POR COMPRIMIDO REVESTIDO)",BOSEN62
0604750048,0604750048 BOSENTANA 125MG (POR COMRIMIDO REVESTIDO),BOSEN125
0604760019,0604760019 SOFOSBUVIR 400 MG (POR COMPRIMIDO REVESTIDO),SOFOS400
0604760027,0604760027 DACLATASVIR 60 MG (POR COMPRIMIDO REVESTIDO),DACLA60
0604760035,0604760035 DACLATASVIR 30 MG (POR COMPRIMIDO REVESTIDO),DACLA30
0604760043,"0604760043 OMBITASVIR - 12,5 MG/VERUPREVIR 75 MG/ RITONAVIR 50 MG POR COMPRIMIDO (COM 02 COMPRIMIDOS REVESTIDOS",OMBIT12
0604760051,0604760051 LEDIPASVIR 90 MG / SOFOSBUVIR 400 MG (POR COMPRIMIDO),LEDIP90
0604760078,0604760078 GLECAPREVIR 100MG + PIBRENTASVIR 40 MG (POR COMPRIMIDO),GLECA100
0604760086,0604760086 SOFOSBUVIR 400MG + VELPATASVIR 100 MG (POR COMPRIMIDO),SOFOS400
0604770014,0604770014 CINACALCETE 30 MG (POR COMPRIMIDO),CINAC30
0604770022,0604770022 CINACALCETE 60 MG (POR COMPRIMIDO),CINAC60
0604770030,"0604770030 PARICALCITOL 5,0 MCG/ML SOLUCAO INJETAVEL (AMPOLA COM 1 ML)",PARIC5
0604780010,0604780010 INSULINA ANALOGA DE ACAO RAPIDA 100 UI/ML (TUBETES COM SISTEMAS DE APLICACAO REUTILIZAVEL),INSUL100
0604780028,0604780028 INSULINA ANALOGA DE ACAO RAPIDA 100 UI/ML (TUBETES DE 3ML) (CRIANCAS MENORES DE 4 ANOS E GRAVID,INSUL100
0604780036,0604780036 INSULINA ANALOGA DE ACAO RAPIDA 100 UI/ML (1B),INSUL100
0604780044,0604780044 INSULINA ANALOGA DE ACAO RAPIDA 100 UI/ML (SISTEMA DE APLICACAO DESCARTAVEL),INSUL100
0604780052,0604780052 INSULINA ANALOGA DE ACAO PROLONGADA DE 100 UI/ML,INSUL100
0604780060,0604780060 INSULINA ANALOGA DE ACAO PROLONGADA 100 UI/ML (1B),INSUL100
0604790015,"0604790015 NUSINERSENA 2,4MG/ML SOLUCAO INJETAVEL (POR FRASCO AMPOLA DE 5 ML)",NUSIN2
0604790023,"0604790023 RISDIPLAM 0,75 MG/ML PO PARA SOLUCAO ORAL (FRASCO 80 ML)",RISDI0
0604800010,"0604800010 ENOXAPARINA SODICA 40 MG/0,4 ML SOLUCAO INJETAVEL (POR SERINGA PREENCHIDA)",ENOXA40
0604800029,"0604800029 ENOXAPARINA SODICA 60 MG/0,6 ML SOLUCAO INJETAVEL (POR SERINGA PREENCHIDA)",ENOXA60
0604810016,0604810016 TOBRAMICINA 300MG/5 ML SOLUCAO INALATORIA (POR AMPOLA),TOBRA300
0604820011,0604820011 DAPAGLIFLOZINA 10 MG (POR COMPRIMIDO),DAPAG10
0604830017,0604830017 SACUBITRIL VALSARTANA SODICA HIDRATADA 50 MG (POR COMPRIMIDO),SACUB50
0604830025,0604830025 SACUBITRIL VALSARTANA SODICA HIDRATADA 100 MG (POR COMPRIMIDO),SACUB100
0604830033,0604830033 SACUBITRIL VALSARTANA SODICA HIDRATADA 200 MG (POR COMPRIMIDO),SACUB200
0604840012,0604840012 OMALIZUMABE 150MG SOLUCAO INJETAVEL,OMALI150
0604840020,0604840020 MEPOLIZUMABE 100 MG/ML SOLUCAO INJETAVEL,MEPOL100
0604850018,"0604850018 BROMETO DE UMECLIDINIO 62,5 MCG + TRIFENATATO DE VILANTEROL 25 MCG (PO INALANTE)",BROME62
0604850026,"0604850026 BROMETO DE TIOTROPIO MONOIDRATADO 2,5 MCG + CLORIDRATO DE OLODATEROL 2,5 MCG (SOLUCAO PARA INALAC",BROME2
0604860013,0604860013 IVACAFTOR 150 MG (POR COMPRIMIDO REVESTIDO),IVACA150
0604860021,0604860021 ELEXACAFTOR 100 MG/TEZACAFTOR 50 MG/IVACAFTOR 75 MG + IVACAFTOR 150 MG (POR COMPRIMIDO REVESTIDO),ELEXA100
0604860030,"0604860030 ELEXACAFTOR 50 MG/TEZACAFTOR 25MG/IVACAFTOR 37,5 MG+IVACAFTOR 75 MG (POR COMPRIMIDO REVESTIDO)",ELEXA50
0604870019,0604870019 BUROSUMABE 10 MG/MLSOLUCAO INJETAVEL (FRASCO-AMPOLA),BUROS10
0604870027,0604870027 BUROSUMABE 20 MG /ML SOLUCAO INJETAVEL (FRASCO- AMPOLA),BUROS20
0604870035,0604870035 BUROSUMABE 30 MG /ML SOLUCAO INJETAVEL (FRASCO- AMPOLA),BUROS30
0604870043,"0604870043 ROMOSOZUMABE 90 MG/ML SOLUCAO INJETAVEL (POR SERINGA PREENCHIDA DE 1,17 ML)",ROMOS90